telco,review_text,rating,review_date,source
CelcomDigi,my experience. Digi helps me stay connected with reliable mobile data and internet services. It makes communication and online access convenient wherever I am,5,2026-05-04,App Store
CelcomDigi,"Give up. I having problems to login to this apps since last year Dec 2025 and login so many reports to celcomdigi, called few times as well and try so many matter also nobody can solve my problem & so are you expected me to walk in to your counter to check my bills or add on roaming every single time? Pls your both r big telecom in Malaysia after join force suppose to be better!",1,2026-05-04,App Store
CelcomDigi,What happened???. Can’t even check anything! Removed then reinstalled still same. Don’t upgrade if no better than old,1,2026-05-04,App Store
CelcomDigi,每次换换换. 可以不要每次都换apps吗 每次都要重新下载 麻烦死 又要登入来登入去 Pls 改进一下！ Update不是更简单吗,1,2026-05-04,App Store
CelcomDigi,CANNOT OPEN AT ALL. CANNOT OPEN AT ALL. DIGI ALONE WAS FAR BETTER,1,2026-05-04,App Store
CelcomDigi,Keep loading. Useless app,1,2026-05-04,App Store
CelcomDigi,"Tak Boleh review Previous and Old Bils. App Sampah , dari awal launch dari beta sampai finale launch still x boleh review previous bill, stress , sampahhh",1,2026-05-04,App Store
CelcomDigi,Cant do multiple payment at all… payment mode cant saved. Inconvenient,1,2026-05-04,App Store
CelcomDigi,"Laggy. The app is laggy and not as good as Celcom Life back then. It’s really slow too. Yes, I have updated the app, yes, I have updated my phone, and no my phone is not an old phone. I miss Celcom Life app",1,2026-05-04,App Store
CelcomDigi,Data internet. So fast,5,2026-05-04,App Store
CelcomDigi,"Very annoying stuck in blue screen always. Always need pay the bill, must be stucking on the blue screen there, even uptade also is same issue, can you please take this serious, honestly this really make people troubled 😡😡😡",1,2026-05-04,App Store
CelcomDigi,Stupid app. Never got to main page,1,2026-05-04,App Store
CelcomDigi,"useless, rubbish, frustrating. worst apps and telco ever exist. tried and failed eKYC countlessly. poor system and connection. instead of improvement, just stop your telco operation. so frustrating",1,2026-05-04,App Store
CelcomDigi,Slow. Everything slow bruh,1,2026-05-04,App Store
CelcomDigi,"Not function. Complicated, not function",1,2026-05-04,App Store
CelcomDigi,Just burn the entire thing. This thing is slower than a meteor that coming towards us,1,2026-05-04,App Store
CelcomDigi,bad apps ever. cannot open at all after been updated. stucked at the front page celcomdigi for the whole time. please fix this asap. so inconvenient,1,2026-05-04,App Store
CelcomDigi,plan mahal intenet slow. app sampah,1,2026-05-04,App Store
CelcomDigi,"CelcomDigi app stick to landing page. Seriously get your tech guy to fix this issue. It locked me out from the app since 25 April 2026. After signing in it won’t move to the content on my iPhone. It’s nothing wrong with my phone. Contacted your helpline/agent, they only provided the script that ‘seems to be helping’ but actually not. Other user already reported this issue since 5 April 2026 and I anticipate nothing is done to fix the problem. Very very disappointed with CelcomDigi app. Seriously.. I don’t think your service worth one star from me",1,2026-05-04,App Store
CelcomDigi,Makin hari makin bodoh plak apps ni. Sejak kawin dengan celcom. Bad service,1,2026-05-04,App Store
CelcomDigi,"Bad line poor service. Continuously 1 week the 5G work like Edge.
When I request support, it have only one option- WhatsApp?!?!?! Why the fxxk a giant telco in Malaysia use such a low cost solution for your most important customer support? 
Time to port to other telco. After merge with Digi cell on getting worse only…",1,2026-05-04,App Store
CelcomDigi,Slow and Unclear. bad. Its insanely slow and just unclear where stuffs are. I like the older digi app more. Wayyy more responsive. This app is so sluggish and id rather dial *128# manually,1,2026-05-04,App Store
CelcomDigi,"Apps too bad. I don't understand why I have to relogin my apps and required OTP even after I put my email as SSO login. This is too bad as I alwys in overseas and staying more than 3 months so how I'm gona check my bills and pay if this issue has occur? My previous digi apps was much better I never face such things. I can't simply roaming my number just to get the OTP number, this is really nonsense and frustrating. Even it's mentioned for better experience apps, how come better if u make me to request OTP and I don't even roaming my number. Wht a nonsense seriously",1,2026-05-04,App Store
CelcomDigi,Update la app ni. Lembab nk mampos x boleh buka lansung app ni better celcom life jauh la,1,2026-05-04,App Store
CelcomDigi,This sucks. Honestly before asking people to use this app make sure it's usable. So many issues with it. What was wrong with the old app it was working so much better. I want to see my internet plan but kept loading and restarting back to main page. It is so annoying,1,2026-05-04,App Store
CelcomDigi,"Lag and slow. Not smooth this apps,before this only digi very smooth and no lag,now this apps slow👎🏿👎🏿👎🏿",1,2026-05-04,App Store
CelcomDigi,"Apps terpaling gagal. Please fix apps,sangat teruk sekejap boleh buka sekejap tak boleh buka..penat bayar bulan2 tapi apps teruk",1,2026-05-03,App Store
CelcomDigi,Useless aps... Celcome life 100x better than this,1,2026-05-03,App Store
CelcomDigi,"Worst Telecoms App Ever. I’ve never written a review before in my life but I’ve never been so annoyed at an app in my life. I don’t get how you are able to reload money into your account but the moment I try to buy internet add ons, it doesn’t allow me to. I’ve been trying for 3 days now. They take your money but you can’t even spend it. Stupid app. The old one was wayy better",1,2026-05-03,App Store
CelcomDigi,Apps not working. I cant even open the apps. Already install and uninstall for a few times,1,2026-05-03,App Store
CelcomDigi,poor app. Unable to link all the numbers. App is slow and lagging. Need multiple times login. Previous digi app was way better,1,2026-05-03,App Store
CelcomDigi,SLOW. Super slow even when launching the app. I haven’t seen any improvement after the collaboration with Celcom,1,2026-05-03,App Store
CelcomDigi,review. stable network coverage and good internet performance for daily communication,5,2026-05-03,App Store
CelcomDigi,Cant log in. What happen to this apps these few months?? I unable to  log in to the apps. How do i make pmt then?,1,2026-05-03,App Store
CelcomDigi,Apps masalah. Apa masalah apps celcomdigi ni?nk buka pn tak boleh…,1,2026-05-03,App Store
CelcomDigi,app tak function. app celcomdigi paling teruk baik pakai celcomlife lagi senang !!! stuck nak check balance data pon susah .. nk beli data tak boleh bayar online lepas tu stuck lama pulak tu 🤦🏻 tolong la celcom dulu elok ja lani start kawin dgn digi ni makin teruk app yang dibuat .. tolong upgrade app ni secepat mungkin tq,1,2026-05-03,App Store
CelcomDigi,Rubbish. Rubbish and slow app + reception,1,2026-05-03,App Store
CelcomDigi,"Line asyik tulis no service. i don’t know i just don’t like it. sejak collab dengan digi, line asyik problem je",1,2026-05-03,App Store
CelcomDigi,NOT USED FRIENDLY!!!. When digi merges with celcome the app no longer in use. I still prefer the old digi app where everything is more clear cut and not so lag for the loading time. Soo hard to use!! Not user friendly,1,2026-05-03,App Store
CelcomDigi,Update Chinese language.. Update Chinese language,1,2026-05-03,App Store
CelcomDigi,Loading. To open the app this shet take longer to load,1,2026-05-03,App Store
CelcomDigi,"Disappointed. This situation is getting unacceptable. I made a top-up almost 3 days ago, the payment was successful, but the credit is still not in my account.
On top of that, I’ve been trying to contact customer service but it’s extremely difficult to even reach anyone. When I finally did before, the guidance given was not helpful and no clear solution was provided.
Now I’m stuck, my money is gone, my top-up is not received, and I can’t even get proper assistance from your side.
This is very disappointing service. Please check my transaction immediately and resolve this issue. I expect either the top-up to be credited or a full refund as soon as possible.
Kindly respond with a clear update and proper action",1,2026-05-03,App Store
CelcomDigi,Terrible Apps. It cant be used at all!!!!,1,2026-05-03,App Store
CelcomDigi,suck. very slow to open,1,2026-05-03,App Store
CelcomDigi,stuck at the front till death. what’s wrong with your apps come on do something 🤦🏻‍♀️,1,2026-05-03,App Store
CelcomDigi,app very slow. app sampah line sampah slow,1,2026-05-03,App Store
CelcomDigi,LAG. Too looooooooooooong  to open. Update pls,1,2026-05-03,App Store
CelcomDigi,line slow. celcom pls dont combo dgn digi,1,2026-05-02,App Store
CelcomDigi,too slow. please update your app...very2 slow n stuck,1,2026-05-02,App Store
CelcomDigi,Stupid app. What the stupid apps?? I try to register new simkard but cannot reach!! This app dont deserve any star,1,2026-05-02,App Store
CelcomDigi,line selow. topup berbulan tpi line slow nt rugi ja,1,2026-05-02,App Store
CelcomDigi,Apps Problem. I cannot login my celcomdigi apps,1,2026-05-02,App Store
CelcomDigi,Line and service suck. You service and line keep getting worse…what wrong with you…its happen after colab with celcom…very bad service from you…and your line keep getting suck…need to terminate the contract post paid cause not worth it…need to change new telco service,1,2026-05-02,App Store
CelcomDigi,Bug. Please look into your app there’s bug in updating profile. Scan Mykad and unable to update “Country”. Same goes for activating new simcards,1,2026-05-02,App Store
CelcomDigi,Just Shut the business!!!. The most useless telco in Malaysia!!! Every time network/coverage issue,1,2026-05-02,App Store
CelcomDigi,"Always stuck at logo. Very hard for me to pay my postpaid bills. Try to open since last 2 week still until today ""STUCK AT LOGO""",1,2026-05-02,App Store
CelcomDigi,duh. this app has poor services and its not good at all celcomdigi u guys are so cruel,1,2026-05-02,App Store
CelcomDigi,Sucks apps !. Super slow !!!!!,1,2026-05-02,App Store
CelcomDigi,Stupid management. Cannot log in,1,2026-05-02,App Store
CelcomDigi,"Worst telco apps. Why do i have to log in every single time. Why i cant log into my accounts. Im not using this apps anymore. Worthless, useless and nothing",1,2026-05-02,App Store
CelcomDigi,Very bad. Very bad. Cant even open the app,1,2026-05-02,App Store
CelcomDigi,Problem. Not working on ip 11,1,2026-05-02,App Store
CelcomDigi,烂. 卡到半死,1,2026-05-02,App Store
CelcomDigi,Line slow. Line macam kimai . Slow macam nenek hang . Butuh pak hang . Topup dah la mahal . Apa lancau celcomdigi,1,2026-05-02,App Store
CelcomDigi,slow. the app is just TOO SLOW,1,2026-05-02,App Store
CelcomDigi,Celcom digi baik hilang jelah dari appstore. Internet macam bodoh slow same je macam babi aku haramkan celcomdigi makan duit aku selama ni kalau kualiti macam sampah,1,2026-05-02,App Store
CelcomDigi,"Apps Paling Tak Guna. Aku ada 3 nombor Digi, pakai apps ni hanya boleh buka untuk 1 nombor saja, kalau nak view lagi 2 nombor kena buat verification, aku cuba buat verification Bodoh tu dah sebulan masih tak boleh buat. Lastly aku tukar line ke umobile. Stupid Telco Ever!",1,2026-05-02,App Store
CelcomDigi,"slow. not only slow, but also lagging when i open it even while using others wifi. celcom digi is not recommended so does the app",1,2026-05-02,App Store
CelcomDigi,Very worst app ever. the old version of the my digi is better with easier to open either the connections is slow.. this app was very terrible and slow. the features also always can’t be open what a bad app ever. please returned back the old version of mydigi app!!!,1,2026-05-02,App Store
CelcomDigi,"lembab. so stupid app, u dont deserve any star from us even 1",1,2026-05-02,App Store
CelcomDigi,"Horrible Apps. New downgrade app ever 👎🏻👎🏻👎🏻
Lagging, payment failed so many times",1,2026-05-02,App Store
CelcomDigi,Loading loading loading. Loadingggggggggggggggggg,1,2026-05-02,App Store
CelcomDigi,line slow mcm gmpg. mmg hilang la customer kau bgg kalau line slow mcm tahi,1,2026-05-02,App Store
CelcomDigi,"too slow. once need to payment , always bug . need to improvise your system . really disappointed with this postpaid telco",1,2026-05-02,App Store
CelcomDigi,"Language options & usage. The app UI is solid but the lack of Mandarin Language option is a bit of a turn off, due to there’s a lot of older generation Malaysian Chinese uses DiGi lines that was forcefully required to migrate to CelcomDigi app that doesn’t comes with a Mandarin option. Causing an inconvenience that they have to ask their children to help taking a look just to figure out how to make payments and use the features that the app offers.

Lastly, the app loads super slow that is quite time consuming.

I hope your team can improve these feedback",2,2026-05-02,App Store
CelcomDigi,Horrible replacement for the Digi app. The app is so laggy and so slow. There’s always an error,1,2026-05-02,App Store
CelcomDigi,"worst. the application is very slow when i open it, it keeps crashing , celcomdigi , please improve your data network",1,2026-05-02,App Store
CelcomDigi,Apps sampah. Apps macam celaka nak buka pun loading punya lama tolong la improve duit dah sakau banyak dah tu,1,2026-05-01,App Store
CelcomDigi,"Digi. Telco app for checking data, top-ups, and bills",5,2026-05-01,App Store
CelcomDigi,"No Bill Statement History. I am unable to view my statement despite following the provided steps, including deleting and reinstalling the application",3,2026-05-01,App Store
CelcomDigi,Useless. Easy things made hard. After the merge the service become worse. This apps is the champion of all. Even viewing monthly billa details become difficult,1,2026-05-01,App Store
CelcomDigi,"review. useless app, lembab and bebann. nak masuk asyik loading je. dh reload but still barred katanya. dahla lambat",1,2026-05-01,App Store
CelcomDigi,Babi. App paling teruk dalam dunia macam app babi elok ii celcom life pergi tukar celcomdigi babi betul app menyusahkan anjing celcom digi,1,2026-05-01,App Store
CelcomDigi,"Servis plg cilakak. Poor line, poor service . Line haul",1,2026-05-01,App Store
CelcomDigi,Kurang mesra pengguna. Masa apps digi dulu ok ja. Nk bayar bil pon susah sbb buka ja apps terus kaku,1,2026-05-01,App Store
CelcomDigi,"Siput. Nak check balance internet pun sangkut apps tak loading. Nak check pakai *118#, Dia suruh pakai apps ni jugak. 2 kali 5, 5 kali …",1,2026-05-01,App Store
CelcomDigi,Sangat perlahan. Aplikasi sangat perlahan,1,2026-05-01,App Store
CelcomDigi,"Very bad. Kenapa slow namampos eh? Nak buka apps pun lembab giler.. Nak topap lambat, beli data lambat, potong duit orang laju plakkk.. Menyusahkan",1,2026-05-01,App Store
CelcomDigi,"Unable to open the apps. Lag + freeze, apps so slow",1,2026-05-01,App Store
CelcomDigi,Stuck. Freeze jahanam,1,2026-05-01,App Store
CelcomDigi,So suck the apps same goes to line too. Sucks sucks sucks,1,2026-05-01,App Store
CelcomDigi,"slow app. tolonglah upgrade, nak masuk app slow, nak tekan itu ini slow, tak smooth langsung macam app digi lama. sangat teruk",1,2026-05-01,App Store
CelcomDigi,mydigi lagi bagus line die. celcomdigi line tak kuat langsung. mydigi lagi kuat.walaupun dh beli data yang sama bulan”🙃,1,2026-05-01,App Store
CelcomDigi,"Uselsss. Apps paling gampang dalam dunia , lembab , pelan mahal , kedekut",1,2026-05-01,App Store
CelcomDigi,"SLOW.. yalls apps are suck, even the line service too..omg i have no patient with using this apps",1,2026-05-01,App Store
CelcomDigi,So slow. This is by far the worst telco apps. Everytime i click on something it show loading screen for too damn long. Waste my time!,1,2026-05-01,App Store
CelcomDigi,Sangat teruk. Saya bayar bukan buat kerja sambil lewa ye,1,2026-05-01,App Store
CelcomDigi,line teruk. sudahh kau tau kau punya line ni nda berapa baguss kau begabung lagi sama celcom apa apa kau dapat gabung sama celcom tuu,1,2026-05-01,App Store
CelcomDigi,DEAR CELCOMDIGI UMOBILE. YOOO I CANT OPEN YOUR APP BRO. YK WHAT PLS FIX THIS BC IM GONNA CRASH OUT LIKE DO U UNDERSTAND. ONE MORE THING CAN U HURRY UP AND FIX THE APP. THANK YOU YOU,1,2026-05-01,App Store
CelcomDigi,"Bad Lag Loading too Much. Already top up but didnt get the top up, very dissappointed of this service. just give us the old celcom. NOT CELCOM DIGI",1,2026-05-01,App Store
CelcomDigi,"line mcm kiwan. APA MSALA KAMU BOTO, BGUS II LA TAI",1,2026-05-01,App Store
CelcomDigi,Apps delay lama sgt. Celcomxdigi macam taik,1,2026-05-01,App Store
CelcomDigi,"Constantly unable to launch or load. Useless app. Can't even open the main screen constantly. Can't pay bills through it. When payment is late, Celcomdigi blocks the line ASAP but we can't even pay the bill through the app.

Useless garbage app. Garbage coverage. Garbage service provider",1,2026-05-01,App Store
CelcomDigi,Idk. ATTENTION TO DIGI ! PLEASE DIVORCE WITH CELCOM💔A lot of problems happened since u guys collabe !,1,2026-05-01,App Store
CelcomDigi,LINE SLOW. This past few days line problem terokkk,1,2026-05-01,App Store
CelcomDigi,"Goodbye. Ever since Digi merged with Celcom, the service went downhill. Everything that works seamlessly before, becomes a hurdle. This app is not the only thing that sucks. I subscribed to a roaming plan and when I was abroad, it struggles to make a simple google search",1,2026-05-01,App Store
CelcomDigi,"Diji. Bdo dh collab pun tambh problem baek tkyh coleb, apps lama lgi btter dri yg skrng mcm gampang",1,2026-05-01,App Store
CelcomDigi,Slow and Stuck. This apps still sucks after update,1,2026-05-01,App Store
CelcomDigi,"Sangat Teruk. taktau la apa masalah apps ni,setiap kali bukak mesti sangkut kat screen biru yg tertulis ""celcomDigi"",sgt2 teruk drpd dlu sampai skang..mmg si*l apps ni",1,2026-05-01,App Store
CelcomDigi,"App yg membongak. Setiap kali buka app setiap kali tu aku uninstall dan install balik. Aku tak tahu kenapa dengan telefon aku yg masalah atau app ni yg sanngat bermasalah. Coverage tiada masalah, wifi ada data pun ada. App lama dulu lagi bagus. Tekan buka je terus masuk dalam app. App sekarang nakk tunggu keluar rama-rama tu pun berlengas jubur. At last stuck kat biru macam tu je sampai ke sudah. Siapa yg develop app ni? Bagitahu developer app ni macam syibai",1,2026-05-01,App Store
CelcomDigi,better celcom life. takyah pakai aplikasi ni macam siput lembab,1,2026-04-30,App Store
CelcomDigi,Lousy app. Take very long to load,1,2026-04-30,App Store
CelcomDigi,"Cannot open. Unable to open, unable to subscribe roaming when overseas",1,2026-04-30,App Store
CelcomDigi,"Stupid apps. Can’t access the apps, can’t pay the monthly postpaid, can’t access the internet. It’s like chicken and egg situation, but make it stupid like CelcomDigi",1,2026-04-30,App Store
CelcomDigi,Apps. Apps ni lembab mcm sial,1,2026-04-30,App Store
CelcomDigi,problem. open apps loading lama..internet slow padahal  dah ambik plan rm60.. dulu guna yang rm30 ok je.. pastu *124#  takleh guna nombor aku.. suruh guna apps ni jugak untuk topup internet.. dan tetiba line internet hilang pada 30/4/2026 pada jam lebih 10malam,1,2026-04-30,App Store
CelcomDigi,"Return the old digi app. Whoever is the developer is such a failure….why make it more difficult for people to navigate around? More steps to reach to a function, like?? Excuse me? The new app does not tell me when my next cycle is like the old app that does it down to the minutes and seconds…..Not to mention the app is always down, did my best to hold to the old app until it went totally down…",1,2026-04-30,App Store
CelcomDigi,"Problem. I prefer the old apps. This app is so slow, always maintainance",2,2026-04-30,App Store
CelcomDigi,Cant open apps even in 5G full bar. very unsatisfying,1,2026-04-30,App Store
CelcomDigi,Sial. Mcam sial pnya apps..lembab nak buka,1,2026-04-30,App Store
CelcomDigi,Lembab & mahal. Digi ngan celcom sejak sejak kawen ni line makin lembab sk.. dah la mahal. Ape tah,1,2026-04-30,App Store
CelcomDigi,Owner apps idiot. The people who make these apps are brainless garbage pigs,1,2026-04-30,App Store
CelcomDigi,Crash apps. Celcom Lite is better. This is worst. I cant even access the apps to make the payment. I enter 3 times but still nothing appears. Do something!,1,2026-04-30,App Store
CelcomDigi,"Apps Crash. Unable to use this apps it automatically shuts down, please update and look into this",1,2026-04-30,App Store
CelcomDigi,Just A Blue Screen. Why?,1,2026-04-30,App Store
CelcomDigi,"Worst update. I don’t understand what is the need to change the old app, back then I can just tell all the basic information about my plan and usage in a glance, now I have to press this and that just to see my usage, why does it need to be so complicated when it was so simple and straightforward. It was a very good app, now it takes forever to load the app not to mention just for me to simple check my usage. Please fix the problem, very disappointed with the new upgrade to be honest",1,2026-04-30,App Store
CelcomDigi,worst than the previous version. unable to even open properly,1,2026-04-30,App Store
CelcomDigi,"upgrade. apa bende sia, ko nak tetiba xde line at least bagi sms ke apa, menyusahkan hidup org",1,2026-04-30,App Store
CelcomDigi,Nak log in pon tak boleh. Buang masa ! Elok2 celcom life dulu ko suruh tukar celcomdigi . Menyusahkan !!!,1,2026-04-30,App Store
CelcomDigi,"app not perform very well. kembalikan digi biasalah app ni macam sampah gila, susah betul line nak kena kuat laa nak itu ini semua susah eee geram aku laaaa",1,2026-04-30,App Store
CelcomDigi,Wide Coverage Network. Celcom provides strong coverage and reliable internet. It is good for everyday use. Highly recommended!,5,2026-04-30,App Store
CelcomDigi,line teruk. esok aku nak tukar line lain teruk sngat dah line digi ni,1,2026-04-30,App Store
CelcomDigi,bingaiii la org sedang main tiba tiba la server down memang tak bole pakai. barua,1,2026-04-30,App Store
CelcomDigi,Problem. Banyak problem,1,2026-04-30,App Store
CelcomDigi,"tiba2 auto renew tapi tarikh akhir awal bulan depan. tiba2 renew time isi reload padahal data aq tarikh tamat  tempoh dia bulan depan, macam mana nak dapat refund ni celcom ???",1,2026-04-30,App Store
CelcomDigi,bodoh ke. apa yang bengap sangat ni system upgrade zaman bila bodoh penat lah pakai kau ni bodoh ii jelah collab mcm ni org tngh layan internet kau boleh system upgrade jadah apa kau nk upgrade system pon kau takyah lah sibuk nk delay kan internet bangang apa benda lah kau ni,1,2026-04-30,App Store
CelcomDigi,Terrible. Terrible,1,2026-04-30,App Store
CelcomDigi,SLOW LIKE HELL. since celcom and digi married all Slowwww!!weakkk internet weak signal 👎🏻👎🏻,1,2026-04-30,App Store
CelcomDigi,"APPS PALING BABI. SAMPAI ASYIK CRASH, NAK BELI DATA TAK BOLEH",1,2026-04-30,App Store
CelcomDigi,Hi CELCOMDIGI.. Hi celcomdigi Your apps still lag at internet speed 50-100mbps. OTHERS: please do for prepaid users available 365 days subscription grace period. Please do package for PREPAID USERS CUSTOMERS more than 3 months FREE LATEST iPhone full set original Japan 🇯🇵. NOTE: for surplus income for APPLE & CELCOMDIGI,2,2026-04-30,App Store
CelcomDigi,honest review. this app got so manny problem. even when i already make a subscription my internet is still didnt work,1,2026-04-30,App Store
CelcomDigi,Apps lahanat!. Korg punya apps ni zaman batu ke??? Punya la susah nk bukak loading berjam2 mcm babi!,1,2026-04-30,App Store
CelcomDigi,Lambat. Slow apps,1,2026-04-30,App Store
CelcomDigi,Loading get to long. Terrible app!!!,1,2026-04-30,App Store
CelcomDigi,slow. very slow. apps celcom yg lama lg senang pakai 👎👎👎,1,2026-04-30,App Store
CelcomDigi,Log in time super long bad review. Log in time super long bad review,1,2026-04-30,App Store
CelcomDigi,So badd apps. Stuck blueeeee soo long,1,2026-04-30,App Store
CelcomDigi,what wrong ??!!. try wifi and data … show blue screen with super proud logo on for 10 min … after 10 min i am still not able to use ur app .. hello celcom . still sleeping ??,1,2026-04-30,App Store
CelcomDigi,"force close app. idk, i already tried many times, im unable to open this app, its force close",1,2026-04-30,App Store
CelcomDigi,"useless app. What the hell is wrong with CelcomDigi? Every time I open the app, it just gets stuck. So damn annoying",1,2026-04-30,App Store
CelcomDigi,apps crash. sangat sangat sangat menyusahkan... sebulan ++ sudah tak boleh akses apps.. kenapa syarikat gergasi besar celcomdigi yang hebat ni tak boleh selesaikan masalah ni,1,2026-04-30,App Store
CelcomDigi,Worst apps ever. Can’t even get into the apps,1,2026-04-30,App Store
CelcomDigi,"Lousy Apps. Can’t even go into the main page, just keep waiting outside the preliminaries page. 1) extremely slow 2) have to wait for long minutes just to go into the main page 3) the previous apps MyCelcom which had been discontinued and forced users to use this lousy apps now , stupid development, just don’t know how much they paid to develop this new apps ! Stupid move !!",1,2026-04-30,App Store
CelcomDigi,slow lembab. pakai wifi punya la slow nak buka apps ni aduhai tolong kasi ok,1,2026-04-30,App Store
CelcomDigi,apps unresponsive. i cannat open the apps since day one ive install it. it keep crashing again and again,1,2026-04-30,App Store
CelcomDigi,slow app. lembab gila app ni bodowww,1,2026-04-30,App Store
CelcomDigi,reload pin issue. tiada kaedah reload pin,1,2026-04-29,App Store
CelcomDigi,slow systems. the apps is not proper and very leg. please make something for customer,1,2026-04-29,App Store
CelcomDigi,Apps bodoh celcomdigi. Slow macam gampang lagi laju bukak my sejahtera,1,2026-04-29,App Store
CelcomDigi,Super slow with lot of bug. Please fix the apps,1,2026-04-29,App Store
CelcomDigi,"Slow. Dah kenapa apps ayik tak boleh bukak ni, penat laaaa",1,2026-04-29,App Store
CelcomDigi,"u need to improve your apps. it take damn long time for it to open the apps, that i need to use traditional way just to see my acc balance, u’re IT need to improve this apps, cause it quite disturbing n hard for me to purchase the internet, please  make it better, i need to delete n dw the app again, for it to open",1,2026-04-29,App Store
CelcomDigi,Bad. 0 star for this app not friendly,1,2026-04-29,App Store
CelcomDigi,Slow. Apps sgt slowww lepas kawen! Sila bercerai,1,2026-04-29,App Store
CelcomDigi,APP CRASH. The app keeps crashing after launched. PLEASE FIX IT!,1,2026-04-29,App Store
CelcomDigi,Apk. To slowwwwwwwwwwwwwwwwwwwwwwwwwwwwwwwwwwwwww,1,2026-04-29,App Store
CelcomDigi,celcom lepasni bagi line laku sikit sebab nak call awek ni. jangan sampai saya boikot!!!!!,1,2026-04-29,App Store
CelcomDigi,"app. cant open the app,just stuck in loading app",1,2026-04-29,App Store
CelcomDigi,Stuck and lagging. The app stuck at OTP. What is this Celcom and Digi? Too incompetence to buy/develop apps?,1,2026-04-29,App Store
CelcomDigi,"Auto billing feature is broken. I’ve tried multiple times to set up auto billing, but it fails every single time. It’s a basic function that should work seamlessly. Already update the app & reinstall but nothing change. Until this is fixed, the app is more of a headache than a help :(",1,2026-04-29,App Store
CelcomDigi,Slow and keep crashing out. I can't even see my usage of internet???? it keeps saying try again??? It's been a few days even after I update my apps. So so so inconvenient and troublesome,1,2026-04-29,App Store
CelcomDigi,Slow. Apps slow sangat. Tunggu dekat 15 minit asyik tunjuk background biru & celcomdigi. Tolong lah buat sesuatu. Ni malas pakai celcom,1,2026-04-29,App Store
CelcomDigi,Not good. Very slow and complicated,1,2026-04-29,App Store
CelcomDigi,"app. sy ingt kan klau kmu upgrade app ada prkembangan atau istimewanya tpi app kmu nie lma kelamaan telan bnyk gb n susah btl mo login asik loading sj sdla lma lgi . i think kmu ksh upgrade nie app pn bkn ksh up tpi ksh downgrade bh. sy yg dri awl guna digi rasa kecewa sngt” , tolong ambil serius ya sbb bkn sy sj kmu bgi ssh tpi bnyk orng",1,2026-04-29,App Store
CelcomDigi,System upgrade app down. System upgrade for many days since 26 Apr. can’t even make payment. Don’t you think is a loss to company? Holding back payment from customer?,1,2026-04-29,App Store
CelcomDigi,"Takle nak access. app apa ni? collab dua plan celcom dengan digi tapi app takle guna macamni, miskin sangat ke. astu nak bayar plan tak boleh. benda la",1,2026-04-29,App Store
CelcomDigi,Unfriendly use. Bad experience with this new app,1,2026-04-29,App Store
CelcomDigi,Worst app ever. Worst app ever. Too slow,1,2026-04-29,App Store
CelcomDigi,"Mahal x berbaloi. Makin mhl x berbaloi i langgan yg unlimited pdhl internet tu limited beberapa gb shjaa ambil plan yg 5G tkda 5G pun sdg kn kwsan ni,support 5G",1,2026-04-29,App Store
CelcomDigi,bad usage. Keep loading worst then last time Digi apps,1,2026-04-29,App Store
CelcomDigi,apps. apps baru ni dah la lembab nak mampus beli internet pun susah pstu boleh pulak autorenew pulak habis kalau nak beli internet yang lain macam mana call customer service pun macam bangang tak boleh tolong service la apps ni😡😡😡😡😡😡😡😠😠😠😠😠😠,1,2026-04-29,App Store
CelcomDigi,trash app. apps keep force close after the new update...even before the update i have to open and close until it logged me in,1,2026-04-28,App Store
CelcomDigi,Apps problem. Always loading & always hang when i did online payment. Please follow TnB apps very smooth,1,2026-04-28,App Store
CelcomDigi,Stuck at blue screen. Worst apps cant even log in .keep stuck on celcomdigi screen,1,2026-04-28,App Store
CelcomDigi,"Couldn’t even open the application. This been going for months, i have to pay using shopee instead of the apps because cant even open it. Gonna rate - start if i can",1,2026-04-28,App Store
CelcomDigi,"Too Slow. Please improve. Sudahlah line celcomDigi ni lambat. App yang baru ni pun lambat juga. Bila buka app, 10x ganda slow dia…",1,2026-04-28,App Store
CelcomDigi,this application very cheap first one is very better application. this application very cheap first one is very better application first one application so much better this one’s so many problem so many loading then how I use this application,1,2026-04-28,App Store
CelcomDigi,"Frustrating. Ever since the digi app upgraded to celcomdigi app, it has become very slow and laggy. Even opening the app takes a long time, and sometimes it gets stuck on loading until I have to close and reopen it.

The navigation is not smooth either. Simple tasks like checking balance, buying data, or paying bills feel more complicated than before",1,2026-04-28,App Store
CelcomDigi,POOR. Always lag!! whats wrong wirh u guys !!,1,2026-04-28,App Store
CelcomDigi,Slow. Can’t even open it ! Slowwww,1,2026-04-28,App Store
CelcomDigi,Poor. Stupid app,1,2026-04-28,App Store
CelcomDigi,Crash app. NEW APP CELCOM IS 98% BAD AND CRASH. Im stress use thise fxcking app,1,2026-04-28,App Store
CelcomDigi,lembab. lembab,1,2026-04-28,App Store
CelcomDigi,Apps bodoh. Apps macam babi. Stuck dekat biru. Bodo punya apps barua,1,2026-04-28,App Store
CelcomDigi,Apps gila. Apps loading sangat teruk. Dah topup tapi tak update ammount. Sangat menyusahkan,1,2026-04-28,App Store
CelcomDigi,"Convenient. As a celcom user, this app really make my life easier. To pay bills, to check my internet quota, to check my subscription all in one place. It is secure and online bills really help to save paper and save the environment too",5,2026-04-28,App Store
CelcomDigi,Bug. I can’t open this app. Stuck in loading screen. Please fix this issue,1,2026-04-28,App Store
CelcomDigi,APP TO SLOW. very slow and so problem with this app i like the previous app for digi its better than this app the previous one is easy and fast,1,2026-04-28,App Store
CelcomDigi,"Susah masuk apps. Tolong perelok aplikasi celcom digi ni. Sebab susah betul nak masuk apps. Berjam2 tunggu, xboleh buka pun app ni. Kalau 10 kali nak buka, 2 kali je senang masuk. Yang lain, tunggu sampai botak rasenye",1,2026-04-28,App Store
CelcomDigi,Loading too slow.. The loading time took too long. Just want to check data balance,2,2026-04-28,App Store
CelcomDigi,Problem. App tak boleh buka and slow bila nak buka app,1,2026-04-28,App Store
CelcomDigi,Transaction Record？. The transaction record only can view last 7 days？ How do i remember if I have or have not paid for last month？ or last 2 month？,1,2026-04-27,App Store
CelcomDigi,"CANNOT OPEN THE APP. i want to pay for my plan but i can’t open the app at all, so how am i supposed to pay???? PLEASE FIX THIS PROBLEM",1,2026-04-27,App Store
CelcomDigi,Worst app in the world. Cant even display the login page after ask me reinstalling. If can give 0 star i will give 0 star,1,2026-04-27,App Store
CelcomDigi,Wtf is this?. So dumb,1,2026-04-27,App Store
CelcomDigi,maaf cakap. apps slow banyak masalah . harap improve lagi dah tahun 2026 ni,1,2026-04-27,App Store
CelcomDigi,News. Update apps baharu yang makin lembap,1,2026-04-27,App Store
CelcomDigi,"Lousiest APP ever. Even though thousands times verified ic still my numbers didn’t show up. Use back the old APP if your new developer is not ready. Terrible, and going to change telco soon if issue not reaolved",1,2026-04-27,App Store
CelcomDigi,App is not functioning properly. i try to activate me prepaid sim form the app and when i go to enter my address the options for the city and state are not displayed in the drop down and i am unable to manually type them in either,1,2026-04-27,App Store
CelcomDigi,"Learn how to develop an app. Its really slow, when I top up it doesn't increase my balance but my bank got billed, support doesn't help jack shi, the old app is way batter but now have to stick with this shi",1,2026-04-27,App Store
CelcomDigi,"App is not responding. Please fix your app, cannot even go in. Keep showing me Celcomdigi for what, i want to go in the app and access with my information not keep seeing your logo",1,2026-04-27,App Store
CelcomDigi,APPS MENYUSAHKAN. kembalikan version lama!,1,2026-04-27,App Store
CelcomDigi,System problem. System stuck logo dah berapa lama,1,2026-04-27,App Store
CelcomDigi,Not consistent. Let say topup on 1/04 later receive a message data prepaid internet will expired on 28/04 but i still have so much quota remaining but then the long term using is not even one month but less than one month. Celcom digi is cheating. I think gonna change to maxis after this,1,2026-04-27,App Store
CelcomDigi,Apps. Slow and very very slow. Overcharges as well. Apps too slow and service too slow,1,2026-04-27,App Store
CelcomDigi,Cannot access ?. Cannot access?,1,2026-04-27,App Store
CelcomDigi,moving to u mobile. what is the problem with your app? Can’t log in everytime?,1,2026-04-27,App Store
CelcomDigi,Tidak boleh buka. Tidak boleh buka,1,2026-04-27,App Store
CelcomDigi,STUPID APPS. Stupid apps,1,2026-04-27,App Store
CelcomDigi,Not working on iphones with dual physical sim. App does not load and gets stuck on celcomdigi logo only,1,2026-04-27,App Store
CelcomDigi,Lembap. Apps paling bodo. Loadinggg all the time! Pls improve your apps la weii bebal,1,2026-04-27,App Store
CelcomDigi,"slow cok. line digi sri aman slow bang, kmk nak chat ngan gerek kmk xpat, Taik palat",1,2026-04-27,App Store
CelcomDigi,app do not open !. app tak bolehh buka,1,2026-04-27,App Store
CelcomDigi,worse app ever. Still got data but cannot use due to app problem. cant open it at all. deserve 0 star instead. why change from better app to rubbish,1,2026-04-27,App Store
CelcomDigi,Line. Slow and lag,1,2026-04-27,App Store
CelcomDigi,COVERAGE SO SUCKS. the coverage about this celcomdigi so sucks,1,2026-04-27,App Store
CelcomDigi,"Apps paling bodoh dalam dunia. Bila nak bukak asyik loading je, lepas tu asyik logout. Mcm gampang punya apps. Lepas tu line selalu barred walaupun bil belum kuar lagi. Alasan pakai overlimit. Overlimit tapi bil belum keluar lagi dh barred mcm gampang bodoh punya celcom lepas bergabung dgn digi jadi mcm provider paling bodoh dalam sejarah. Mmg aku tukar line pergi ke maxis atau umobile lepas ni. Pergi mampus aku tak kan pakai lagi celcom tahi ni",1,2026-04-27,App Store
CelcomDigi,"Rubish app. Upgrade apps utk lebih unfriendly, nak tgok bill apa semua susah. Selamat dah awal2 opt auto debit kalau tak lagi emo eh aku nak kena buka apps kau",1,2026-04-27,App Store
CelcomDigi,apps cannot open. tolol sampai skrg tak boleh bukak apps sampah nk beli plan pon susah,1,2026-04-27,App Store
CelcomDigi,"Stupidest transition ever. Celcom apps is good but this one, i reload but did not reflect, cannot buy internet, very slow apps, sometimes cannot login,",1,2026-04-27,App Store
CelcomDigi,slow and loading. the apps always loading and very slow to enter. pls rectify this issues for user friendly and good apps,1,2026-04-27,App Store
CelcomDigi,"Celcomdigi apps !!!. Baik tak payah update kalau setiap kali update same je loading lambat pulak tu nak ke boleh masuk. Kami mahukan yang pantas dan cepat. Bukan yang lambat dan menyusahkan! Setiap kali nak buka kene login. Ape bende menyusahkan macam ni? Kalau mcm ni, baik tukar telco jelah. Jom kawan2 tinggal je celcomdigi ni. Kita pindah ke maxis atau umobile pulak. Takde slow dan menyusahkan mcm apps celcomdigi ni 😡",1,2026-04-27,App Store
CelcomDigi,This app is useless. Digi app way better than this app . I can’t even do anything using this app,1,2026-04-27,App Store
CelcomDigi,Too slow to open the app. The app too slow to open so many useless thing in apps,1,2026-04-26,App Store
CelcomDigi,Cant open. i cant open this apps after i update so what the point i updated this apps?,1,2026-04-26,App Store
CelcomDigi,Slow To Update Latest Balance After Reload. 2 companies combine still cannot develop a good app,1,2026-04-26,App Store
CelcomDigi,"worst app ever. the worst apps ever, u two shouldn’t decide to marry at the first place",1,2026-04-26,App Store
CelcomDigi,System. this app cannot open on my iphone,1,2026-04-26,App Store
CelcomDigi,Scam. Dah lah apps slow line slow. Tempat lubuk scammer b4b! You dont even deserve 1 star,1,2026-04-26,App Store
CelcomDigi,Poor quality. Slow and unusable,1,2026-04-26,App Store
CelcomDigi,Bad Payment Experience. everytime after complete payment app stuck in blank page,1,2026-04-26,App Store
CelcomDigi,"Sluggish system. If given a choice, don’t choose Digi",1,2026-04-26,App Store
CelcomDigi,Roaming. Can not apply for roaming frm the apps,1,2026-04-26,App Store
CelcomDigi,annoying. cant open app !!  wanna pay bills but cant open the f app,1,2026-04-26,App Store
CelcomDigi,bad bad. slow app,1,2026-04-26,App Store
CelcomDigi,Celcom App. app paling lembap dan menyusahkan sentiasa kemas kini tapi lembap nak mampus,1,2026-04-26,App Store
CelcomDigi,celcomdigi lembab. tak best macam celcom life. lembab,1,2026-04-26,App Store
CelcomDigi,"THIS APP FKING PROBLEMS. STUPID APPS, SLOW AF. REPAIR YOUR SYSTEM !!",1,2026-04-26,App Store
CelcomDigi,"Apps Keep Crash!!!. Apps always crash!!!
Already uninstalled and installed the apps, but the problem still continue….!!!
Please fix it A.S.A.P!!!",1,2026-04-26,App Store
CelcomDigi,Bad app. Really slow to open,1,2026-04-26,App Store
CelcomDigi,"Bad service. Bad telco, after Digi been acquired by Celcom service drop. Incoming calls always need to wait few minutes only can listen to callers and consistenly NO Data at PJ area (Damansara Perdana, Rafflesia area). Now shall I change Telco!!!  I urge everyone shall swap to other Telco",1,2026-04-26,App Store
CelcomDigi,Apps paling slow. Ini lah salah satu platform yg paling serabut dan menyusahkan. Padahal sebelom nk elok je. Skrg dh jadi celcomdigi bukan main terus lagi walaupon hati masih setia. Tapi sakit hati juga dengan apps dia ni. Menyusahkan setiap kali nk masuk apps mesti problem lembap lambat,1,2026-04-26,App Store
CelcomDigi,Celcom bodo. App mcm bodoh,1,2026-04-26,App Store
CelcomDigi,apps. slow response,1,2026-04-26,App Store
CelcomDigi,"Slow apps.keeps loading.. Slow apps interface.keep taking to much time to load.even just to check for bill become so much troublesome.please,youre big company.please fix your apps.make life easier.if can rate no star i would rate no star for this kind of services",1,2026-04-26,App Store
CelcomDigi,"App macam babi. Elok je pakai app digi sebelum ni,dah tukar celcom digi ni dah macam babi lembab nk mampus hanat",1,2026-04-26,App Store
CelcomDigi,bad. very bad and very long loading,1,2026-04-26,App Store
CelcomDigi,Apps menyusahkan. Lembab apps ni payah nak pakai..naik apps digi lama..buat apps baru menyusahkan,1,2026-04-26,App Store
CelcomDigi,app slow. slow,1,2026-04-26,App Store
CelcomDigi,Corrupted app. What's wrong with the developer of this app? Not getting paid enough? How long you can improve this bloody app? I cannot enter my other numbers to make a payment after entering IC number. Come on developers team. Improve and have a team meeting and QA tester to test the app first beifre release public version. This is worse than the beta version. Poor to us and end users whose only wanted to make a basic usage which making a payment but unable to perform those basic tasks,1,2026-04-25,App Store
CelcomDigi,Slowed open apps. Lol,1,2026-04-25,App Store
CelcomDigi,"SHOWSTOPPER ERROR BUG. cannot even enter the app, app keep close by itself, suck",1,2026-04-25,App Store
CelcomDigi,App lembab. Selalu lag,1,2026-04-25,App Store
CelcomDigi,apps teruk. nak bukak bayar bill pun berjanggut,1,2026-04-25,App Store
CelcomDigi,canot open app. app canot open at iphone 3 time remove donwload again,1,2026-04-25,App Store
CelcomDigi,Loading forever. Useless apps..Can’t even enter the apps. It is loading forever. Will port in to maxis after billing cycle completed  if this stupid apps still unstable,1,2026-04-25,App Store
CelcomDigi,Stupid apps. hired too many monkeys and pig working here no wonder too many problem,1,2026-04-25,App Store
CelcomDigi,App paling sampah. Nak verify ic pun tak lepas2. Budak sekolah buat app pun lagi elok. Baghal,1,2026-04-25,App Store
CelcomDigi,Whattt. I can’t open the website,1,2026-04-25,App Store
CelcomDigi,Tah pape. App paling bermasalah,1,2026-04-25,App Store
CelcomDigi,App apa lah. Apa benda la app crash tak boleh masuk,1,2026-04-25,App Store
CelcomDigi,Bugs?. Bugggg,1,2026-04-25,App Store
CelcomDigi,can’t open apps. honestly why i can’t open it please fix ASAP,1,2026-04-25,App Store
CelcomDigi,Line banyak susah. Ale lah data mahal line banyak susah,1,2026-04-25,App Store
CelcomDigi,Worst Apps. The worst apps I’ve ever used. I cant load anything. Keep loading and suddenly crash. Other than paying bills I don’t know what else to do with this apps. Even simple information hard to find. Not user friendly at all. Please hire someone good to maintain the apps. Even intern can do better,1,2026-04-25,App Store
CelcomDigi,sucks... xleh masuk langsung la wei.. aku nak bayaq bill bagi duit kat ampa pun xmau ka,1,2026-04-25,App Store
CelcomDigi,very stupid and troublesome. very stupid and troublesome,1,2026-04-25,App Store
CelcomDigi,"is this even an app?. too slow!! rather not to use, whenever open its taking forever to load !!",1,2026-04-25,App Store
CelcomDigi,"Bloated, slow, and unresponsive.. Bloated, slow, and unresponsive.
Forced to migrate because the old Digi app was shut down, and this is what we get? It is easily the slowest app on my phone. No matter how fast my 5G or Wifi, the app constantly hangs on loading screens. It's bloated with “1001 features"" that nobody asked for. I’d trade all these useless features back for the old, simple, and fast Digi app experience in a heartbeat. Fix your servers",1,2026-04-25,App Store
CelcomDigi,Useles app. This app giving me nerves .. only stuck at welcoming logo,1,2026-04-25,App Store
CelcomDigi,"Invest your app. I am writing to express my frustration regarding an issue with the CelcomDigi mobile app. Recently, whenever I try to log in, the app fails to let me access my account. I have ensured that my login details are correct and that my internet connection is stable, but the problem persists.
This issue has made it difficult for me to manage my account and access essential features. I would appreciate it if your technical team could look into this matter urgently and advise on how to resolve it",1,2026-04-25,App Store
CelcomDigi,Perkhidmatan Aplikasi yang Sangat Teruk. Tolong baiki operasi aplikasi. Terlalu teruk la perkhidmatan. Rasanya kena tukar kepada ke rangkaian lain yang lebih okey ni,1,2026-04-25,App Store
CelcomDigi,The app so slow to load. Its hard to use the app. The loading is so slow and the pakage worth it at all. If still no improvement i will just change to different telco service,1,2026-04-25,App Store
CelcomDigi,Celcomdigi. nak add on internet sgt hmm 😔,1,2026-04-25,App Store
CelcomDigi,Worse app. Worse app,1,2026-04-25,App Store
CelcomDigi,"Very very Poorly design app. This app is the worst app ever created for mobile network. none of the thing works and it keeps log you out of the app, everything slow, and crash when you switch between apps. the interface is bad with poorly design pages. you will thought that downloading an app will make everything runs smoothly, IT DOESNT! you have to wait 10-15 minutes (according to live agent) for your acc to be charge! what the hell is the function of the app then if i have to wait that long? the old app function better and this CELCOMDIGI app that supposedly be the better version sucks! what the function of these 2 big companies merge if they cant do anything right at all. the coverage sucks, the price and data offer sucks, AND THE APP SUCKS!",1,2026-04-25,App Store
CelcomDigi,"App Sampah. “system upgrade notice” apa sampai sehari ni , nak beli internet macam mana dahla slow , very baddd!!",1,2026-04-25,App Store
CelcomDigi,"Apps celcom digi. Very bad apps,slow like hell.please upgrade luke digi apps before this,easy to handle",1,2026-04-24,App Store
CelcomDigi,"SUCKS. Since we need to deal with this new app, everything getting harder and harder. I want the old digi app again! I can easily monitor my internet quota and subscribe quota top up. Also the customer service sucks!",1,2026-04-24,App Store
CelcomDigi,"Great App. Its wonderful and awesome app!,this is probably one of the most used app and i love it,thanks so much for providing such great features here,keep it up",5,2026-04-24,App Store
CelcomDigi,Celcome gagal macm elok tukar telco. Menyusahkan orang baik pakai celcome life je lagi senang nak bayar ni nk kena topup dulu baru bolh beli internet tak macam dulu terus bolh beli internet,1,2026-04-24,App Store
CelcomDigi,This app won’t work. Tried several times install and uninstall back. But the app still not working. Im stuck at the loading screen every time…wasting my time and how am i supposed to subscribe my data plan if I can’t even open the app???,1,2026-04-24,App Store
CelcomDigi,"Reliable Signal Anywhere. I always have a signal with Celcom, even in remote areas. The life app is very user friendly for tracking data and grabbing vouchers",5,2026-04-24,App Store
CelcomDigi,Bad bad bad bad bad. Like bad bad… idk what’s wrong with this app.. the old digi app was a lot better 😒 couldn’t even open it.. keep loading and so slow,1,2026-04-24,App Store
CelcomDigi,"Poorly develop app.. 1. It takes forever the load the app. 2. Can’t adjust the mobile data sharing
3. Old Digi app works much better than this",1,2026-04-24,App Store
CelcomDigi,WORST APPS!. The worst apps ever! very slow!!!!!!!,1,2026-04-24,App Store
CelcomDigi,semua urusan jadi susah. nak bayar bil untuk no lain tak bolah nk buka jadi lambt,1,2026-04-24,App Store
CelcomDigi,Unable to activate prepaid. Useless app. When asking for current address it doesn’t load the state and city dropdown box but forced to select. Can’t even proceed to activate the sim,1,2026-04-24,App Store
CelcomDigi,"Mempersiasuikan. After the merged they just don’t really care on the quality, as long as people still paying",1,2026-04-24,App Store
CelcomDigi,"The app so many issues. What rubbish new version app. Update as rubbish app. This is the worst new version ever. 

New version keep lagging, a lot of bugs, cannot check statements as well. 
Customer service also cannot settle my issue. 
What a useless new version app. 

Previous app better than new version. Fast n simple",1,2026-04-24,App Store
CelcomDigi,slow. LAJUKAN SIKIT BOLEH TAK SEJAK COLLAB DENGAN DIGI MAKIN LEMBABBBBBBBBB kau dah release apps baru makesure process be smooth la bro,1,2026-04-24,App Store
CelcomDigi,slow server. untung banyak tapi lag,1,2026-04-24,App Store
CelcomDigi,"About reload. I can’t reload my balance right now, right after i tap to reload my screen becomes black and says try again, i already try so many times i still couldn’t… it’s really hard for me because i need to use data a lot, now i can’t even buy a data",2,2026-04-24,App Store
CelcomDigi,Couldn't open the apps. I couldn't pay the bills cause the app couldn't open it,1,2026-04-24,App Store
CelcomDigi,"Loading time slow. Sangat slow just untuk bukak app? Lebih dari 5 minute waiting time, tau la app ni hanya untuk buat bayar bill, tapi takde tester untuk test ke?? Setiap kali bukak mesti slow, orang ada benda lain lah nak buat selain tunggu app kau loading lama kat situ , first step je dh slow, come on celcomdiji",1,2026-04-24,App Store
CelcomDigi,SLOWW AND NOT FUNCTION. why cannot open and so slow,1,2026-04-24,App Store
CelcomDigi,Rubbish app. Rubbish,1,2026-04-24,App Store
CelcomDigi,slow. slow macam jubo,2,2026-04-24,App Store
CelcomDigi,Apps lucah. APPS PALING LUCAH MASUK APPS MACAM TENGOK BLUE NENEK KAU BABII SLOWW ANJENG BELI DATA PON X DAPAT TENGKORAK MAK KAU,1,2026-04-24,App Store
CelcomDigi,"Apps tak guna. Slow, not responsive, keep hanging. Tolong belajar buat apps macam maxis",1,2026-04-24,App Store
CelcomDigi,"late. imagine top up sebab mau melangan skli masuk dlm apps refresh2 tiada masuk2 so tda boleh beli internet,,excuse me what’s the point sy pakai apps klau ending sy guna bintang satu satu lapan pagar sinting jngn ckp sy tda kuat line terang2 5G full bar lbih 3 minit tiada update dalam apps last2 guna manual ih buang storage sja oh",1,2026-04-24,App Store
CelcomDigi,Idi0t app. stpd dev stpd owner .. make new app no function line still slow kima lu cbai kanina lanchiao,1,2026-04-24,App Store
CelcomDigi,"Apps crashed. Dah sebulan crash, menyusahkan je nak bayar bill dan nak beli data dalam tu .smpai sekarang apps scren biru depan tu je",1,2026-04-24,App Store
CelcomDigi,better yg lama. susah sangat nak pakai apps ni.. nak add nombor lain pun susah.. sangat2 tak friendly use,1,2026-04-24,App Store
CelcomDigi,sucks. stuck at blue screen,1,2026-04-24,App Store
CelcomDigi,teruk betul.. syarikat beratus juta. apps macam budak darjah 3 yg buat. baik apps yg lama lebih bagus dari yg ni,1,2026-04-24,App Store
CelcomDigi,cerita hari iniii. takle bukak app do adoiii,1,2026-04-24,App Store
CelcomDigi,Jadah punya app. Lepas update update jee app same je kadang elok kadang tak app haram jadah ape laa,1,2026-04-24,App Store
CelcomDigi,Line slow. Apps paling jahanam ✌️,1,2026-04-24,App Store
CelcomDigi,"Tak berguna. Nak bayar pun susah. 1 akaun ada 3 nombor, sampai ke sudah 1 nombor je keluar bodoh la. Dah macam2 cara nak add nombor still tak boleh. Last pakai jompay jelah",1,2026-04-24,App Store
CelcomDigi,"Cannot open the app, not user friendly. Why the app is very bad? I cant even open it, i tried everything. the previous digi app is better than this. You guys shall just follow prev digi format which is more simple n user friendly, and rn we cant even control supplementary line data limit",1,2026-04-24,App Store
CelcomDigi,"Lembab. Slow sangat, baik guna App Digi je lagi laju. Ni gesture punya slow lembab, lepastu serabut je",1,2026-04-24,App Store
CelcomDigi,Digicelcom slow very bad. Very very bad takguna punya apps lambat dan Kenapa kawinkan celcom line okey terus jadi slow boikot CelcomDigi,1,2026-04-23,App Store
CelcomDigi,LINE CAM SIPU. nak buka app pun loading line makin lama makin terok,1,2026-04-23,App Store
CelcomDigi,worse app since launch. BRING BACK THE OLD APP SO THAT FINANCE DOESNT HAVE TO ADD EXTRA BUDGET TO UPGRADE & MAINTAIN USELESS APP,1,2026-04-23,App Store
CelcomDigi,Not responding. Always stucked at starting screen. FIX YOUR APP!,1,2026-04-23,App Store
CelcomDigi,Lot of bugs hang on logo if using wifi won’t load. Always hang on logo,1,2026-04-23,App Store
CelcomDigi,Very stupid and useless app i ever use. I hope u this app gone soon,1,2026-04-23,App Store
CelcomDigi,"Suck. untill today still suck, profit billion every year, but still cannot manage a good apps for customer",1,2026-04-23,App Store
CelcomDigi,not good. i buy data with free 10gb fast but can’t use or active it just show only my internet data but not show the free 10gb to active it waste my money,1,2026-04-23,App Store
CelcomDigi,"Internet 35. Sangat terok. 35 internet unlimited, tapi dh habis, tinggal basic internet sahaja, kau ingat beli data pakai air liur ke sial selcomdigi, kembali kn 39 bodohhh…macam gampang, x smpi lgi date sepatutnya internet dh habis, kata internet unlimited, tapi mcm musibat",1,2026-04-23,App Store
CelcomDigi,"app lembab. app lembab nak 
mampos dok sangkut kat blue screen celcom digi bdo tu ja… tlg fix problem ni boleh x",1,2026-04-23,App Store
CelcomDigi,internet. slow betul internetnya macam siputt,1,2026-04-23,App Store
CelcomDigi,Slow. App ni slow siall,1,2026-04-23,App Store
CelcomDigi,"App Lembab. sepatutnya buat app baru harusnya lebih smooth ringan bila login untuk memudahkan urusan..dulu katanya 
internet data digi meluas setiap pelusuk..tapi hakikatnya makin teruk..sebelum ni digi ok ja tempat saya..sejak bersama celcom terus makin teruk..untung belambak dah",1,2026-04-23,App Store
CelcomDigi,price go up like crazy. haha lol,1,2026-04-23,App Store
CelcomDigi,"Apps can’t open. Worst apps ever.even want to open for add on package but it’s can’t open already restarted many time,unistall few times but result still same.can’t open the apps until now",1,2026-04-23,App Store
CelcomDigi,Korang boleh pergi melingkup dgn line bdohh penipu korang tuu. Line paling bodoh pernah aku pakai dah laa scam orang bangang betul laa syrikat bdoh korang bayar mahal2 tapi data mcm hanat harap2 korang lumpus dah laa line korang ni menyusahkan orang jaa bdohhhh.. aku tak halal duit aku satu sen bdohhh,1,2026-04-23,App Store
CelcomDigi,LEMBAP. App yg paling bodoh aku pernah install,1,2026-04-23,App Store
CelcomDigi,tiada function. apps lucah,1,2026-04-23,App Store
CelcomDigi,"Application hang. Im sorry. Worst apps ever, when open the app always hang. If you advice us to reinstall the app meaning your apps totally not user friendly at all. Please lookout your developer. Tq",1,2026-04-23,App Store
CelcomDigi,Too slow for a basic app. Can you please invest a bit more time and effort in enhancing the app (not only the look duh) pls also focus on the app reliability especially on loading time. Other apps works realllllly fast while your’s is slower than a snail even in the startup page. Please improve it,2,2026-04-23,App Store
CelcomDigi,Slow. What’s wrong with your apps? Why so slow keep loading!,1,2026-04-23,App Store
CelcomDigi,Got a lot of problems,1,2026-04-23,App Store
CelcomDigi,lembab nak mampus. kiamat pun belum tentu dapat login,1,2026-04-23,App Store
CelcomDigi,CANCEL SUBSCRIPTIONS. masalah betul la…dah cancel subscribe nk pakai yg lain…masuk je topup auto tolak credit…kita nk langgan lain,1,2026-04-22,App Store
CelcomDigi,"Ui/ux not leading friendly. Take too much time to load, not user friendly enought, this is so bad and frustrating",1,2026-04-22,App Store
CelcomDigi,"App serabut. App paling bingai
Dah buat Internet tapi tak masuk 
Duit kau dah bedal 
Tolong lah baiki App kau ni 
Serabut kan orang 
Time tolak data kemain laju",1,2026-04-22,App Store
CelcomDigi,too much lag. too much lag,1,2026-04-22,App Store
CelcomDigi,Useless apps. Stupid apps update cant login,1,2026-04-22,App Store
CelcomDigi,"Sistem tak laju. Waktu apps digi dulu, laju je apps operate. Bila dah jadi celcomdigi kadang banyak kali kena refresh, pastu internet laju pon apps loading juga. Mohon perbaiki ya saya dah lama dengan digi",2,2026-04-22,App Store
CelcomDigi,Rude customer service. I make call to file a complaint then hang up on me,1,2026-04-22,App Store
CelcomDigi,"LINE PROBLEM. DIGI TERUK GILERR! Yg mana pakai digi sila tukar, makan duit aku tau tak!!! Baru je isi data tapi tk leh guna,harga buknnya murah!!! Sekali topup rm 50 tai line tk leh pakaiiiiiiii!!! Aku ni duduk tengah bandar kott still line digi problem teruk,stress aku!! Aku tk halalka duit akuuu!!!",1,2026-04-22,App Store
CelcomDigi,App bodo. Slow macam bodo,1,2026-04-22,App Store
CelcomDigi,slow apps. very poor software dev. should terminate the whole team members. Celcom and digi also should bercerai,1,2026-04-22,App Store
CelcomDigi,so slowww. pleasee faster apss,1,2026-04-22,App Store
CelcomDigi,Line slow. Line slow,2,2026-04-22,App Store
CelcomDigi,"App has no use for me.. Even with latest app updates, there was no payment history from the old app in this new app (for references / payment tracking) — at least for the past year. 

Furthermore, all paid bills that were paid not from this app ie Touch N Go / e-banking apps / ShopeePay are also not displayed in this app. So I have to only rely on that third party apps for bill payment proof via SMS, emails or e-receipts. Why I chose to pay using third party apps because this app is too slow to even just load the home page! 

The least this app can do to be useful is keep the customer’s bill payments up to date in this app regardless of which app customers used to pay their bills. If Celcom dont do this, then this app is just a waste of storage space in the phone",1,2026-04-22,App Store
CelcomDigi,So slow. So slow,1,2026-04-22,App Store
CelcomDigi,Sgt” lambat 👎🏻. Servis not good,1,2026-04-22,App Store
CelcomDigi,"Aplikasi harus di baik pulih. Aplikasi ini sangat perlahan , untuk keluar menu sangat perlahan apabila di buka , makin menyusahkan pengguna untuk menikmati aplikasi baru ini",1,2026-04-22,App Store
CelcomDigi,Apps not working. Fail to open/launch,1,2026-04-22,App Store
CelcomDigi,"Bukak App Nak beli Data. Pinjam Hotspot.
Dah pinjam x leh bukak",1,2026-04-22,App Store
CelcomDigi,Shameful. I have used this on both android and ios. Surprisingly it is very bad on both. Opening this app is like opening a gatcha egg. You’ll never know when it will be open or when it will stuck at the blue screen of death. This is CelcomDigi for real? Even after combining 2 entities and this is all they have to show? Shameful. I think a college student can create an app more stable than this. Truly shameful,1,2026-04-22,App Store
CelcomDigi,Unreliable mess and unintuitive. This app has to be the most convoluted app ever made. Why is it so confusing to navigate? Payment is painfully slow to reflect. How do I check my transactions?,1,2026-04-22,App Store
CelcomDigi,digi barua. line macam bodo slow nak mampos,1,2026-04-22,App Store
CelcomDigi,Hawau. Lebih kepada downgrade app..Bukan nk bagi mudah user tp bagi jadi lagi susah..app digi sebelum ni lagi function la..Cmon la dh lama dh release pun kayu lagi,1,2026-04-22,App Store
CelcomDigi,"Please Fix Your Apps. whats wrong with this app? I cant even open the apps , already reinstall still the same , worst app ever",1,2026-04-22,App Store
CelcomDigi,"Can no longer view data usage of my other numbers. How many times do I need to secure my account using eKYC? Already did five times and now the app is asking me to do it again. Oh come on lah.

Your supposedly “AI” chatbot is rubbish. It just doesn’t work. How to replace human agents like that. Can’t even function.

Then no option to check ongoing case that is under investigation. Also cannot track previous cases. Come on lah please use your own app and think from a user’s perspective. Your UI and UX designers are so hopelessly out of touch.

### previous complaints (not solved yet)

Unlike the old app, the new CelcomDigi no longer allows the usage data quite of other registered number to be viewed.

Rubbish. Don’t tell me Digi people don’t even use their own app to realise this? Oh come on.

And in the app privacy disclosure in the App Store, it says CelcomDigi has access to “user content”. Why are you guys trying to access our gallery then?",1,2026-04-22,App Store
CelcomDigi,xyah ada apps lahh. x layak pon dpt 1 bintang…Apps mcm taik…lgsg xleh nk login,1,2026-04-22,App Store
CelcomDigi,"Not friendly user for Prepaid User. The history of transactions were never shown in the apps. Whenever i purcahse plan, i cannot access the recipt as it says i havent purchase any. Honestly atp just deleted the apps instead. I couldn’t claim my e-invoice due to this. And yes i have talk to the bot and love agent. They werent helpful",1,2026-04-22,App Store
CelcomDigi,"digi. susa msuk apps, intrnet 9-21 hb sudh abis seblum ni guna apps digi lama okey jk cukup 30 hri internt",1,2026-04-22,App Store
CelcomDigi,Useless app. Such a useless app just take customer money😂,1,2026-04-22,App Store
CelcomDigi,Buruk. Tidak dapat digunakan,1,2026-04-22,App Store
CelcomDigi,Too slow. This app is too slow,1,2026-04-22,App Store
CelcomDigi,"Worst apps ever. Tak layak utk dapat satu star pon, apps yg tersangat teruk",1,2026-04-22,App Store
CelcomDigi,"Application performance. I’m really disappointed with the CelcomDigi App. The app constantly freezes and doesn’t open properly. I’ve had to wait for hours just to try and buy internet, which is extremely frustrating. 

Honestly, the previous versions of the app were much better than this one. This update feels like a step backward in terms of performance and reliability. Please fix these issues as soon as possible",1,2026-04-22,App Store
CelcomDigi,Very Slow and take time to load. Previous celcom app is much better,1,2026-04-22,App Store
CelcomDigi,App wouldnt load. App remains in blue loading screen and wouldnt load,1,2026-04-22,App Store
CelcomDigi,失败的app. 垃圾app ， 进入app很慢，进到里面要选东西要等很久，使用界面很麻烦…这是一个超级失败的app ！,1,2026-04-22,App Store
CelcomDigi,App Crashes. Cant even open the damn app. It’s stuck at the blue screen and force exit each time. How tf do you expect people to pay the bills when you cant even provide a functional app to do so,1,2026-04-22,App Store
CelcomDigi,"Zero star. Rubbish app,can’t open",1,2026-04-22,App Store
CelcomDigi,Unable to view the bill. How I can make the payment if unable to check my bill 🫩,1,2026-04-22,App Store
CelcomDigi,Fancy but poor performance app. The interface are too “fancy” for an app nowadays. Slow response app. More simple straight foward app will help a lot. users want something easy&fast not something fancy&slow,1,2026-04-21,App Store
CelcomDigi,"Servis yang mengecewakan. 1. Apps yang terlalu lembab untuk loading.
2. Tak boleh membuat pembayaran untuk lebih dari 1 nombor",1,2026-04-21,App Store
CelcomDigi,apps paling mnyusahkan..baik apps digi lame. apps x funtions..nk langgng un susah kne guna *128# baru boleh..slowww..ap funtions 500mb klau nk buka apps pun x boleh?,1,2026-04-21,App Store
CelcomDigi,"Lembab babi. Apps ka apa ni bodo,, lembab sangat sial",1,2026-04-21,App Store
CelcomDigi,Absolutely cinema. Nothing but goodness,5,2026-04-21,App Store
CelcomDigi,Slow. Why yr apps is too slow? This new apps. Before apps more okay. Please repair,1,2026-04-21,App Store
CelcomDigi,MyDigi better. Wtf is wrong with this app? Mydigi wak already okay!! There is no need for this trash app!! So slow and cannot login multiple accounts at the same time. What a waste sia,1,2026-04-21,App Store
CelcomDigi,Cannot open apps at all. Useless,1,2026-04-21,App Store
CelcomDigi,Celcom. Whats wrong with your app.very useless app.please do anything to your app. Very stupid,1,2026-04-21,App Store
CelcomDigi,App gets dumber and slower with each update. I hope the entire team that handle and run this app project choke on a concrete. No point giving constructive criticism when all these people do is say yes we hear your feedback and pour it down the drain. Tqvm for your monthly payment. Please repeat paying next month,1,2026-04-21,App Store
CelcomDigi,App. Slow nak mam siak,1,2026-04-21,App Store
CelcomDigi,"slow. Masa pakai celcom life dulu mudah je urusan nak beli internet and langgan. Now, menyusahkan sia. Line kene betul2 laju baru boleh bukak app ni. Dah la loading kemain lama last2 something went wrong eh hang mmg fak. Kalau tak boleh bukak terus je cakap xleh bukak ni duk loading buang masa sia. Bapak slow do app ni. Sapa yang buat ni? Sampai bila nak stay camni do? takde inisiatif ke untuk jadi lebih baik? ramai dah komplain tapi still hauk. Hope komen saya ni membina korang untuk ambil inisiatif dan perbetulkan apa yang kurang",1,2026-04-21,App Store
CelcomDigi,"Very the bad internet, dislike ! Almost 18 years i use this year very disappointed me. Not good, hurtful things",1,2026-04-21,App Store
CelcomDigi,network problem. aplikasi lambat respon line slow macam bdo pastu setiap minggu mesti problem kerja nak ambil duit haram je dah penat dengan line tak apa’,1,2026-04-21,App Store
CelcomDigi,"apps bermasalah, lne sangat slow.. nak bayar bill menyusahkan.. lagi mudah jika guna apps mydigi",1,2026-04-21,App Store
CelcomDigi,"Apps always can’t access!. Line always interrupts, poor service!",1,2026-04-21,App Store
CelcomDigi,Teruknya digi sekarang kenapa line slow blom tamat tempoh line sangkut” apa yg diperbaharui. Mcm babi,1,2026-04-21,App Store
CelcomDigi,line mcm barua digicelcom ni mcm puki mak kamu yang kerja sma digi ni. line mcm barua digicelcom ni mcm puki mak kamu yang kerja sma digi ni,1,2026-04-21,App Store
CelcomDigi,Service & Networking. Dissapointed & very poor,1,2026-04-21,App Store
CelcomDigi,Lambat nak buleh masuk app. Line memang laju tapi nak masuk app celcom digi ni jadi lembat tolong baiki,1,2026-04-21,App Store
CelcomDigi,Worst apps. Celcom lite apps more powerful & easy to use,1,2026-04-21,App Store
CelcomDigi,Too much slow to open the apps. These app too much slow to open it….need to wait for a long time to open….when open these the app exit back cannot open…..stupid app,1,2026-04-21,App Store
CelcomDigi,LAG KONTOL. APALA ANJING MAIN RANK AJA NGELAG PENSI AJA LU,1,2026-04-21,App Store
CelcomDigi,"Apps Celcom Digital tak boleh view bill. Dah 3 hari tunggu tak boleh semak bill
Apps apa ni
Susah la",1,2026-04-21,App Store
CelcomDigi,"take too long to enter the app. Very disappointed with the CelcomDigi app. It takes too long just to open and enter the app. Every time I need to check something urgently, I have to wait for loading for so long. This is very frustrating and wastes my time. Please improve the app speed and performance because users need fast and smooth access",1,2026-04-21,App Store
CelcomDigi,"Too slowwww. This app very2 slow & almost laggggg. If can give negative star, i would rate it",1,2026-04-21,App Store
CelcomDigi,jahanam. apa benda sial nak buka app pun tk boleh? nak suruh aku bayar guna apa? daun? takboleh bayar bil data takda line sampai kena merembat dekat dobi guna wifi setiap hari? siapa engineer maintenance celcom ni babi? budak intern ke?,1,2026-04-21,App Store
CelcomDigi,Apps not working at all. Apps not working at all,1,2026-04-21,App Store
CelcomDigi,Tidak boleh digunakan. Makin hari makin teruk sampai nk buka pun x blh,1,2026-04-21,App Store
CelcomDigi,"coverage. VERY SLOWWWW internet even pay for 5G plan, the coverage is VERY LIMITED and WEAK!! please rethinking about other network before proceed with this digi, soooo frustrating",1,2026-04-21,App Store
CelcomDigi,"Apps not working. The apps working so slow and sometimes it’s not working, can you guys update your apps and making it easy to use",1,2026-04-20,App Store
CelcomDigi,Fail. Po taik.reload dengan pin.tak dapat,1,2026-04-20,App Store
CelcomDigi,App paling lembab. app paling lembab nak login pon kena tunggu lama. menyusahkan ja orang nak guna pon payahh,1,2026-04-20,App Store
CelcomDigi,App won’t load. How to pay my bills / make subscriptions if the app won’t even load? Tried a million times,1,2026-04-20,App Store
CelcomDigi,"Useless & not user friendly. I have been trying to register my new phone number since 18/04/2026 till today. I always stuck at the face recognition page. It keeps saying my face is unrecognizable even though i keep taking photo from different side of my room's walls. This app has limit for me to register my number eveyday so every time i failed to do the face recognization, i need to wait the next day to do it all over again. Celcom line works the best in my area but, seems like i'll just buy and use another mobile network line since the issue is still ongoing",1,2026-04-20,App Store
CelcomDigi,Useless app. What was the purpose having this app when i cannot even load it. Reinstall many times still same. How to pay bill ah?,1,2026-04-20,App Store
CelcomDigi,"DIGI LAGI BAIK DARIPADA NI. Lembab lepastu lebih serabut daripada apps DIGI yg asal, menyusahkan nak kena masuk mcm2 tempat padahal DIGI biasa kalau bukak je apps dah nmpk bende yg nak di tengok",1,2026-04-20,App Store
CelcomDigi,"App bug. Like seriously , i cant even get to the app, and it takes time like minutes to just get inside the app and do something, and also they charge my internet quota for social media even though i buy unlimited social media package ? Like what is wrong with this internet provider man",1,2026-04-20,App Store
CelcomDigi,Bugs. The app cannot be opened. Didnt know what to do so unistalled and installed few times,1,2026-04-20,App Store
CelcomDigi,App sial. App macam sampah,1,2026-04-20,App Store
CelcomDigi,App tak guna. Aplikasi palik lembab diantara yang lain . Menyusahkan,1,2026-04-20,App Store
CelcomDigi,"Bad performance. Quite bad, still have a lot of improvement needed to make it smoothly operating",1,2026-04-20,App Store
CelcomDigi,worst. lagi bagus app lama,1,2026-04-20,App Store
CelcomDigi,Blue interface only. You know what. This app suck from last year until this apr 2026. You better do something about the apps. Sgt menyusahkan orang nak bayar bill. Nak tgk usage of data,1,2026-04-20,App Store
CelcomDigi,Slow sangat2. Sangat2 lambat. Nak beli internet pon tunggu 15minit baru tpup masuk 10minit dapat beli internet. Tolong lah update bagi laju susahkan orang lain macam ini. Digi dulu laju ja tak yah nak tunggu pa semua,1,2026-04-20,App Store
CelcomDigi,"Celcom App. Macam barua, internet langgan 7 hari.. tak sampai 4 hari dah macam takde internet.. padahal plan 2TB😌",1,2026-04-20,App Store
CelcomDigi,"Apps not function smoothly. Big downgraded from previous one, please give us solution. The apps works extremely slow",1,2026-04-20,App Store
CelcomDigi,What???. Cant event open the apps,1,2026-04-20,App Store
CelcomDigi,Add on problem. Ever fking time i want to add on its alwys problem  most stupid app ever made,1,2026-04-20,App Store
CelcomDigi,Slow. Rubbish app...latest app slower than previous app,1,2026-04-20,App Store
CelcomDigi,Worst coverage. Honestly i can’t help but question myself why am i paying so much for such a bad service and coverage even in the city centre. There seems to be no effort to improve or even rectify. Zero accountability. Been a loyal customer for 13years and now considering to port out,1,2026-04-20,App Store
CelcomDigi,"Can’t download or view monthly statement even after verification. Made a complaint to customer service and still problem persist. In the first place, why the need to verify identification for viewing monthly statement?",1,2026-04-20,App Store
CelcomDigi,lembat. nak bukak app baru ni punya lambat gilaa .. tolong update laa .. nk check baki kemain susah nk bukak app nye,1,2026-04-20,App Store
CelcomDigi,Celcomdigi sakai. App paling bingai pernah aku pakai. Lembab nak mampos,1,2026-04-20,App Store
CelcomDigi,App paling noob!!. Lebih baik pakai mydigi daripada yg ni.. lembab,1,2026-04-20,App Store
CelcomDigi,Super bad app. Force to use. Cant even open,1,2026-04-20,App Store
CelcomDigi,"Stupid App. It worst than old app  , keep loading and pop up error message .  Better change line again . Haiz",1,2026-04-20,App Store
CelcomDigi,plss improve. apooo laa apps ni slow laaaa,2,2026-04-20,App Store
CelcomDigi,Worst. What wrong you apps? Freeze? Nothing good for users,1,2026-04-20,App Store
CelcomDigi,Problem. I cant use this app,1,2026-04-20,App Store
CelcomDigi,useless. the most useless apps ever.this new apps is trash and so slow.the apps before is fine but this new apps is making me insane.sometimes it tooks more than 30 minute to reload my money.so slow so rubbish,1,2026-04-19,App Store
CelcomDigi,bodoh nak mampos. kenapa bangang sangat app ni. takde org boleh buat app properly ke for celcom digi? ke korang hire kroni2 bodo buat app ni?,1,2026-04-19,App Store
CelcomDigi,"Worst apps and worst customer support.. I been using celcom for some time then decided to port out then i notice that they didnt have anyone to talk too..
All by whatsapps.. such a delay response and then you need to restart again.
It take me 14 days to get to live agent but that also felt like a AI response.
I ll never use this telco again",1,2026-04-19,App Store
CelcomDigi,"Impossible. This app is totally impossible to log in . Worst than log in to bank account, too many unnecessary procedures. Till now i cant even log in",1,2026-04-19,App Store
CelcomDigi,Bad service app. The loading took too long. Everything is slow,1,2026-04-19,App Store
CelcomDigi,Apps. Poor,1,2026-04-19,App Store
CelcomDigi,Cannot check bill in full details. this app is so useless like ok we get to pay the bill but how are we supposed to know the full bill in details if theres extra chargers and sorts. please do something for the app I MISS THE OLD APP it was much more convenient,1,2026-04-19,App Store
CelcomDigi,Eror. so sloww,1,2026-04-19,App Store
CelcomDigi,"Worst Apps. Actually no star for this latest apps, the page keep loading at blue page but still cant access. Come on CelcomDigi, settle this ASAP lah",1,2026-04-19,App Store
CelcomDigi,Too bad. f this stupid app. bring back the old one,1,2026-04-19,App Store
CelcomDigi,apps cant open. this apps sucks cant even open for few daya,1,2026-04-19,App Store
CelcomDigi,"Inefficient Apps. Jika dibandingkan dengan apps dulu, apps ni lebih berat dan lambat. Jika maklumat tidak terperinci bila pilih untuk tengok jenis plan yang dilanggan serta baki kuota langganan",1,2026-04-19,App Store
CelcomDigi,App suck. The app keep getting stuck in the title page with the celcomdigi logo,1,2026-04-19,App Store
CelcomDigi,slow af. tah lah . day by day makin teruk tawaran data . apps pun dah berapa kali update and still slow nak mampus . apa jadi do dengan celcom,1,2026-04-19,App Store
CelcomDigi,"digi terok. apps slow lah baruaaa, line kuat ja, nak masok slow, nk log in menyusahkan, xleh log in bnyk no,",1,2026-04-19,App Store
CelcomDigi,"complain. digi app are wayy better, this is bs",1,2026-04-19,App Store
CelcomDigi,Useless. Trash app,1,2026-04-19,App Store
CelcomDigi,Celcomdigi. App too poor.line n apps too slow.done update but masih juga slow n lag.very very poor apps,1,2026-04-19,App Store
CelcomDigi,"Worst app. Are you guys dumb? After update still not have any change at all, still the worst app i’ve been used",1,2026-04-19,App Store
CelcomDigi,LEMBAB MACAM SIPUT !!!!!. siapa yang cipta app ni ?? elok2 ada app digi duk buat gatal kote buat app celcomdigi lepastu lembab !!!! asyik tendang je bila nak buka app ape l4nc4u punya app laa orang buat app kau buat app !!! lepastu lembab !!!!,1,2026-04-19,App Store
CelcomDigi,My digi lag lambat nak buka. Lambat sebb my digi lag menyusahkan orang nk buat internet cuba baiki balik,1,2026-04-19,App Store
CelcomDigi,"LEMBAB. apps paling annoying pernah pakai, lembab sangkut menyusahkan",1,2026-04-19,App Store
CelcomDigi,"review ?. the new version got really slow. the payment method is old school, why there is only one way to make payment ? and i need to reload first and also there is only RM10, RM30, RM50 option. how if i want to buy RM45 ? i hope i can type how much i want to reload. the new version is worst and sometime the line is slow at some places",1,2026-04-19,App Store
CelcomDigi,Appsss. Slow nak mampuihhh !!!!! Not recommended lah slow mcm siput babi punya apps,1,2026-04-19,App Store
CelcomDigi,"barua. baik tak payah buat app, mcm bingai takleh bukak",1,2026-04-19,App Store
CelcomDigi,"App problem. App problem at iphone 14 , can not open yet",1,2026-04-19,App Store
CelcomDigi,Lembab. Celcom sejak sejak collab dengan digi ni semua benda jadi lembab.. babi betoi,1,2026-04-19,App Store
CelcomDigi,"Slow Line After Buying 2TB 5G Plan Very Disappointing. Digi’s line has suddenly become extremely slow for the past week straight, right after I spent money buying the 2TB 5G highspeed plan. I can barely even connect to messaging apps. It’s honestly embarrassing for a line company that can’t provide a proper connection after taking customers’ money. Even my friends who are also using this line are facing the same issue all getting only E signal bars, and one of them even went to buy a U Mobile line instead. Very disappointing service and a complete waste of money",1,2026-04-19,App Store
CelcomDigi,app problem. i wanna check bill please fix it,1,2026-04-19,App Store
CelcomDigi,Bodoh. Stupid apps..very slow,1,2026-04-19,App Store
CelcomDigi,Celcom digi. Have been used for many year. Great apps,5,2026-04-19,App Store
CelcomDigi,进不去. 卡死了 你要我怎么 top up 钱,1,2026-04-18,App Store
CelcomDigi,mcm bodo. app paling lembap setakat ni,1,2026-04-18,App Store
CelcomDigi,gagal. App sangat tidak membantu !!!!,1,2026-04-18,App Store
CelcomDigi,Slow and bugg. If can give - star i will give it.. so slow and sometimes cant open.. terrible,1,2026-04-18,App Store
CelcomDigi,Gampang. macam gampang suruh download apps baru. bila download macam gampang pulak apps nya. alaa bodonya celcomdigi ni. ingat dah gabung ni cerdik. lagi bodo rupanya,1,2026-04-18,App Store
CelcomDigi,"Complaining. kau suruh download app baru ni tpi tak dpt buka knpa, nak ckp phone problem masalahnya semua review ckp benda yg sama? apa bende la",1,2026-04-18,App Store
CelcomDigi,Always need to Turn Data Off/On to open the app. Please fix,3,2026-04-18,App Store
CelcomDigi,Verified by AI. Tried to verified a whole day but cannot went through,1,2026-04-18,App Store
CelcomDigi,"Tak berfungsi. Dh tahun 2026 tp apps x blh pakai. Tak boleh nk buka langsung on iphone 15.

Malu kt orang",1,2026-04-18,App Store
CelcomDigi,Absolutely asswipe. Payment fail every freaking time,1,2026-04-18,App Store
CelcomDigi,"Unable to log in. What happen to your apps?  Until today, unable to log in by biometrics.   Not user friendly at all!!  Previous individual apps are much better!",1,2026-04-18,App Store
CelcomDigi,Stupid noob apps. I cant view and print every month billing statement,1,2026-04-18,App Store
CelcomDigi,"System problem lag, bug, loading.. Please lah update !",1,2026-04-18,App Store
CelcomDigi,"FIX YOUR APPS. This app is completely useless. I can’t even open it. It crashes every single time. For a company as big as CelcomDigi, this is honestly embarrassing. We’re paying customers and this is the level of service we get? A basic app that can’t even function? Fix this immediately instead of releasing something that clearly wasn’t ready. Do better",1,2026-04-18,App Store
CelcomDigi,Do better. Useless app. Always need to update but still the same. Have to wait for so long just to check balance lol,1,2026-04-18,App Store
CelcomDigi,"Bad. Teribble, why do u need to change Digi apps to this apps, last apps already good enough and im used to it already, now it’s slow and confusing. And the fact that i was forced to download this terrible apps",1,2026-04-18,App Store
CelcomDigi,plan rm120. tidak berbaloi dengan plan yg mahal line 5G full bar tgok live stream makin slow 2026 bro? tak kan line ko makin slow,1,2026-04-18,App Store
CelcomDigi,Stupid app. Can’t log in stuck at logo like forever. Time to change to another telco,1,2026-04-18,App Store
CelcomDigi,Difficult to open rooming. Can’t open international rooming,1,2026-04-18,App Store
CelcomDigi,"MENGARUT APPS LAMA BETTER. tiba tiba takleh unsubscribe lepastu tolak duit orang dahla banyak siot tau tau data nya tak wujud pon , taktau usage berapa gb eh tiba tiba dia tolak lagi, macam tak reti buat apps je lepas collab ni, apps syok sendiri",1,2026-04-18,App Store
CelcomDigi,Welldone. Now we talking,5,2026-04-18,App Store
CelcomDigi,Internet problem. Makin teruk eh performamce internet,1,2026-04-18,App Store
CelcomDigi,Can’t even get into the app. How am i supposed to pay my bill now if i can’t even get into the app? This is absurd really. It is really frustrating and disappointing. The old app much more better than this new app,1,2026-04-18,App Store
CelcomDigi,worst app ever. very very annoying. can't even open. even after update still loading. so how can we check out internet an all??? literally worst app ever. the old app is better. 👎🏻👎🏻👎🏻,1,2026-04-18,App Store
CelcomDigi,"bad coding. Can u guys code it better? So much useless UI and need luck to get it open, even when I got a good internet connection, with bad internet connection even worse, till now I still prefer the old celcom app",1,2026-04-18,App Store
CelcomDigi,Apps Problem. helo Apps can’t open……,1,2026-04-18,App Store
