date,time,rating,title,review
5/4/26,22:45:57,5,my experience,Digi helps me stay connected with reliable mobile data and internet services. It makes communication and online access convenient wherever I am.
5/4/26,21:39:14,1,Give up,"I having problems to login to this apps since last year Dec 2025 and login so many reports to celcomdigi, called few times as well and try so many matter also nobody can solve my problem & so are you expected me to walk in to your counter to check my bills or add on roaming every single time? Pls your both r big telecom in Malaysia after join force suppose to be better!"
5/4/26,21:14:14,1,What happened???,Can’t even check anything! Removed then reinstalled still same. Don’t upgrade if no better than old.
5/4/26,21:00:14,1,每次换换换,可以不要每次都换apps吗 每次都要重新下载 麻烦死 又要登入来登入去 Pls 改进一下！ Update不是更简单吗
5/4/26,19:35:26,1,CANNOT OPEN AT ALL,CANNOT OPEN AT ALL. DIGI ALONE WAS FAR BETTER
5/4/26,19:16:26,1,Keep loading,Useless app
5/4/26,18:56:03,1,Tak Boleh review Previous and Old Bils,"App Sampah , dari awal launch dari beta sampai finale launch still x boleh review previous bill, stress , sampahhh"
5/4/26,18:40:10,1,Cant do multiple payment at all… payment mode cant saved,Inconvenient
5/4/26,17:21:12,1,Laggy,"The app is laggy and not as good as Celcom Life back then. It’s really slow too. Yes, I have updated the app, yes, I have updated my phone, and no my phone is not an old phone. I miss Celcom Life app"
5/4/26,15:53:31,5,Data internet,So fast
5/4/26,13:44:49,1,Very annoying stuck in blue screen always,"Always need pay the bill, must be stucking on the blue screen there, even uptade also is same issue, can you please take this serious, honestly this really make people troubled 😡😡😡"
5/4/26,8:26:47,1,Stupid app,Never got to main page
5/4/26,7:11:20,1,"useless, rubbish, frustrating","worst apps and telco ever exist. tried and failed eKYC countlessly. poor system and connection. instead of improvement, just stop your telco operation. so frustrating"
5/4/26,7:10:36,1,Slow,Everything slow bruh
5/4/26,7:05:01,1,Not function,"Complicated, not function"
5/4/26,7:04:30,1,Just burn the entire thing,This thing is slower than a meteor that coming towards us.
5/4/26,6:43:43,1,bad apps ever,cannot open at all after been updated. stucked at the front page celcomdigi for the whole time. please fix this asap. so inconvenient
5/4/26,5:47:53,1,plan mahal intenet slow,app sampah
5/4/26,5:39:51,1,CelcomDigi app stick to landing page,"Seriously get your tech guy to fix this issue. It locked me out from the app since 25 April 2026. After signing in it won’t move to the content on my iPhone. It’s nothing wrong with my phone. Contacted your helpline/agent, they only provided the script that ‘seems to be helping’ but actually not. Other user already reported this issue since 5 April 2026 and I anticipate nothing is done to fix the problem. Very very disappointed with CelcomDigi app. Seriously.. I don’t think your service worth one star from me."
5/4/26,5:24:16,1,Makin hari makin bodoh plak apps ni. Sejak kawin dengan celcom,Bad service.
5/4/26,4:01:45,1,Bad line poor service,"Continuously 1 week the 5G work like Edge.
When I request support, it have only one option- WhatsApp?!?!?! Why the fxxk a giant telco in Malaysia use such a low cost solution for your most important customer support? 
Time to port to other telco. After merge with Digi cell on getting worse only…"
5/4/26,3:31:51,1,Slow and Unclear,bad. Its insanely slow and just unclear where stuffs are. I like the older digi app more. Wayyy more responsive. This app is so sluggish and id rather dial *128# manually.
5/4/26,2:16:54,1,Apps too bad,"I don't understand why I have to relogin my apps and required OTP even after I put my email as SSO login. This is too bad as I alwys in overseas and staying more than 3 months so how I'm gona check my bills and pay if this issue has occur? My previous digi apps was much better I never face such things. I can't simply roaming my number just to get the OTP number, this is really nonsense and frustrating. Even it's mentioned for better experience apps, how come better if u make me to request OTP and I don't even roaming my number. Wht a nonsense seriously"
5/4/26,1:53:50,1,Update la app ni,Lembab nk mampos x boleh buka lansung app ni better celcom life jauh la
5/4/26,1:24:02,1,This sucks,Honestly before asking people to use this app make sure it's usable. So many issues with it. What was wrong with the old app it was working so much better. I want to see my internet plan but kept loading and restarting back to main page. It is so annoying
5/4/26,0:20:44,1,Lag and slow,"Not smooth this apps,before this only digi very smooth and no lag,now this apps slow👎🏿👎🏿👎🏿"
5/3/26,23:51:14,1,Apps terpaling gagal,"Please fix apps,sangat teruk sekejap boleh buka sekejap tak boleh buka..penat bayar bulan2 tapi apps teruk"
5/3/26,23:35:03,1,Useless aps..,Celcome life 100x better than this
5/3/26,20:59:08,1,Worst Telecoms App Ever,"I’ve never written a review before in my life but I’ve never been so annoyed at an app in my life. I don’t get how you are able to reload money into your account but the moment I try to buy internet add ons, it doesn’t allow me to. I’ve been trying for 3 days now. They take your money but you can’t even spend it. Stupid app. The old one was wayy better"
5/3/26,20:24:05,1,Apps not working,I cant even open the apps. Already install and uninstall for a few times.
5/3/26,19:18:37,1,poor app,Unable to link all the numbers. App is slow and lagging. Need multiple times login. Previous digi app was way better
5/3/26,17:40:19,1,SLOW,Super slow even when launching the app. I haven’t seen any improvement after the collaboration with Celcom.
5/3/26,13:33:57,5,review,stable network coverage and good internet performance for daily communication.
5/3/26,10:05:53,1,Cant log in,What happen to this apps these few months?? I unable to  log in to the apps. How do i make pmt then?
5/3/26,9:41:59,1,Apps masalah,Apa masalah apps celcomdigi ni?nk buka pn tak boleh…
5/3/26,9:41:26,1,app tak function,app celcomdigi paling teruk baik pakai celcomlife lagi senang !!! stuck nak check balance data pon susah .. nk beli data tak boleh bayar online lepas tu stuck lama pulak tu 🤦🏻 tolong la celcom dulu elok ja lani start kawin dgn digi ni makin teruk app yang dibuat .. tolong upgrade app ni secepat mungkin tq
5/3/26,9:18:09,1,Rubbish,Rubbish and slow app + reception.
5/3/26,7:27:14,1,Line asyik tulis no service,"i don’t know i just don’t like it. sejak collab dengan digi, line asyik problem je"
5/3/26,6:01:02,1,NOT USED FRIENDLY!!!,When digi merges with celcome the app no longer in use. I still prefer the old digi app where everything is more clear cut and not so lag for the loading time. Soo hard to use!! Not user friendly
5/3/26,5:53:39,1,Update Chinese language.,Update Chinese language.
5/3/26,5:50:35,1,Loading,To open the app this shet take longer to load
5/3/26,5:43:53,1,Disappointed,"This situation is getting unacceptable. I made a top-up almost 3 days ago, the payment was successful, but the credit is still not in my account.
On top of that, I’ve been trying to contact customer service but it’s extremely difficult to even reach anyone. When I finally did before, the guidance given was not helpful and no clear solution was provided.
Now I’m stuck, my money is gone, my top-up is not received, and I can’t even get proper assistance from your side.
This is very disappointing service. Please check my transaction immediately and resolve this issue. I expect either the top-up to be credited or a full refund as soon as possible.
Kindly respond with a clear update and proper action."
5/3/26,5:20:17,1,Terrible Apps,It cant be used at all!!!!
5/3/26,4:43:32,1,suck,very slow to open
5/3/26,3:14:32,1,stuck at the front till death,what’s wrong with your apps come on do something 🤦🏻‍♀️
5/3/26,2:56:42,1,app very slow,app sampah line sampah slow
5/3/26,0:55:10,1,LAG,Too looooooooooooong  to open. Update pls
5/2/26,23:36:57,1,line slow,celcom pls dont combo dgn digi
5/2/26,22:48:05,1,too slow,please update your app...very2 slow n stuck
5/2/26,22:42:35,1,Stupid app,What the stupid apps?? I try to register new simkard but cannot reach!! This app dont deserve any star
5/2/26,22:26:13,1,line selow,topup berbulan tpi line slow nt rugi ja
5/2/26,22:05:41,1,Apps Problem,I cannot login my celcomdigi apps
5/2/26,21:33:09,1,Line and service suck,You service and line keep getting worse…what wrong with you…its happen after colab with celcom…very bad service from you…and your line keep getting suck…need to terminate the contract post paid cause not worth it…need to change new telco service
5/2/26,21:15:23,1,Bug,Please look into your app there’s bug in updating profile. Scan Mykad and unable to update “Country”. Same goes for activating new simcards.
5/2/26,21:11:10,1,Just Shut the business!!!,The most useless telco in Malaysia!!! Every time network/coverage issue.
5/2/26,20:15:10,1,Always stuck at logo,"Very hard for me to pay my postpaid bills. Try to open since last 2 week still until today ""STUCK AT LOGO""."
5/2/26,18:53:11,1,duh,this app has poor services and its not good at all celcomdigi u guys are so cruel
5/2/26,17:28:19,1,Sucks apps !,Super slow !!!!!
5/2/26,16:51:53,1,Stupid management,Cannot log in
5/2/26,13:12:25,1,Worst telco apps,"Why do i have to log in every single time. Why i cant log into my accounts. Im not using this apps anymore. Worthless, useless and nothing."
5/2/26,9:38:47,1,Very bad,Very bad. Cant even open the app
5/2/26,8:25:45,1,Problem,Not working on ip 11
5/2/26,7:28:41,1,烂,卡到半死
5/2/26,6:49:29,1,Line slow,Line macam kimai . Slow macam nenek hang . Butuh pak hang . Topup dah la mahal . Apa lancau celcomdigi
5/2/26,6:37:52,1,slow,the app is just TOO SLOW
5/2/26,6:08:40,1,Celcom digi baik hilang jelah dari appstore,Internet macam bodoh slow same je macam babi aku haramkan celcomdigi makan duit aku selama ni kalau kualiti macam sampah
5/2/26,5:43:11,1,Apps Paling Tak Guna,"Aku ada 3 nombor Digi, pakai apps ni hanya boleh buka untuk 1 nombor saja, kalau nak view lagi 2 nombor kena buat verification, aku cuba buat verification Bodoh tu dah sebulan masih tak boleh buat. Lastly aku tukar line ke umobile. Stupid Telco Ever!"
5/2/26,5:04:49,1,slow,"not only slow, but also lagging when i open it even while using others wifi. celcom digi is not recommended so does the app."
5/2/26,5:02:24,1,Very worst app ever,the old version of the my digi is better with easier to open either the connections is slow.. this app was very terrible and slow. the features also always can’t be open what a bad app ever. please returned back the old version of mydigi app!!!
5/2/26,4:36:51,1,lembab,"so stupid app, u dont deserve any star from us even 1"
5/2/26,4:11:22,1,Horrible Apps,"New downgrade app ever 👎🏻👎🏻👎🏻
Lagging, payment failed so many times"
5/2/26,3:40:46,1,Loading loading loading,Loadingggggggggggggggggg
5/2/26,3:40:42,1,line slow mcm gmpg,mmg hilang la customer kau bgg kalau line slow mcm tahi
5/2/26,3:27:55,1,too slow,"once need to payment , always bug . need to improvise your system . really disappointed with this postpaid telco ."
5/2/26,2:51:15,2,Language options & usage,"The app UI is solid but the lack of Mandarin Language option is a bit of a turn off, due to there’s a lot of older generation Malaysian Chinese uses DiGi lines that was forcefully required to migrate to CelcomDigi app that doesn’t comes with a Mandarin option. Causing an inconvenience that they have to ask their children to help taking a look just to figure out how to make payments and use the features that the app offers.

Lastly, the app loads super slow that is quite time consuming.

I hope your team can improve these feedback."
5/2/26,2:25:32,1,Horrible replacement for the Digi app,The app is so laggy and so slow. There’s always an error
5/2/26,1:23:21,1,worst,"the application is very slow when i open it, it keeps crashing , celcomdigi , please improve your data network."
5/1/26,23:02:57,1,Apps sampah,Apps macam celaka nak buka pun loading punya lama tolong la improve duit dah sakau banyak dah tu
5/1/26,22:00:51,5,Digi,"Telco app for checking data, top-ups, and bills."
5/1/26,21:17:21,3,No Bill Statement History,"I am unable to view my statement despite following the provided steps, including deleting and reinstalling the application."
5/1/26,21:08:27,1,Useless,Easy things made hard. After the merge the service become worse. This apps is the champion of all. Even viewing monthly billa details become difficult.
5/1/26,21:00:21,1,review,"useless app, lembab and bebann. nak masuk asyik loading je. dh reload but still barred katanya. dahla lambat"
5/1/26,20:29:23,1,Babi,App paling teruk dalam dunia macam app babi elok ii celcom life pergi tukar celcomdigi babi betul app menyusahkan anjing celcom digi
5/1/26,18:35:41,1,Servis plg cilakak,"Poor line, poor service . Line haul"
5/1/26,18:21:59,1,Kurang mesra pengguna,Masa apps digi dulu ok ja. Nk bayar bil pon susah sbb buka ja apps terus kaku.
5/1/26,18:21:37,1,Siput,"Nak check balance internet pun sangkut apps tak loading. Nak check pakai *118#, Dia suruh pakai apps ni jugak. 2 kali 5, 5 kali …."
5/1/26,17:57:50,1,Sangat perlahan,Aplikasi sangat perlahan
5/1/26,17:36:59,1,Very bad,"Kenapa slow namampos eh? Nak buka apps pun lembab giler.. Nak topap lambat, beli data lambat, potong duit orang laju plakkk.. Menyusahkan."
5/1/26,16:59:39,1,Unable to open the apps,"Lag + freeze, apps so slow"
5/1/26,10:53:39,1,Stuck,Freeze jahanam
5/1/26,9:27:43,1,So suck the apps same goes to line too,Sucks sucks sucks..
5/1/26,9:22:47,1,slow app,"tolonglah upgrade, nak masuk app slow, nak tekan itu ini slow, tak smooth langsung macam app digi lama. sangat teruk"
5/1/26,7:22:05,1,mydigi lagi bagus line die,celcomdigi line tak kuat langsung. mydigi lagi kuat.walaupun dh beli data yang sama bulan”🙃
5/1/26,7:08:28,1,Uselsss,"Apps paling gampang dalam dunia , lembab , pelan mahal , kedekut"
5/1/26,6:34:51,1,SLOW.,"yalls apps are suck, even the line service too..omg i have no patient with using this apps"
5/1/26,6:28:32,1,So slow,This is by far the worst telco apps. Everytime i click on something it show loading screen for too damn long. Waste my time!
5/1/26,6:21:55,1,Sangat teruk,Saya bayar bukan buat kerja sambil lewa ye
5/1/26,5:46:59,1,line teruk,sudahh kau tau kau punya line ni nda berapa baguss kau begabung lagi sama celcom apa apa kau dapat gabung sama celcom tuu
5/1/26,5:38:05,1,DEAR CELCOMDIGI UMOBILE,YOOO I CANT OPEN YOUR APP BRO. YK WHAT PLS FIX THIS BC IM GONNA CRASH OUT LIKE DO U UNDERSTAND. ONE MORE THING CAN U HURRY UP AND FIX THE APP. THANK YOU YOU
5/1/26,5:33:00,1,Bad Lag Loading too Much,"Already top up but didnt get the top up, very dissappointed of this service. just give us the old celcom. NOT CELCOM DIGI"
5/1/26,5:27:25,1,line mcm kiwan,"APA MSALA KAMU BOTO, BGUS II LA TAI"
5/1/26,5:15:47,1,Apps delay lama sgt,Celcomxdigi macam taik
5/1/26,5:11:45,1,Constantly unable to launch or load,"Useless app. Can't even open the main screen constantly. Can't pay bills through it. When payment is late, Celcomdigi blocks the line ASAP but we can't even pay the bill through the app.

Useless garbage app. Garbage coverage. Garbage service provider."
5/1/26,5:05:45,1,Idk,ATTENTION TO DIGI ! PLEASE DIVORCE WITH CELCOM💔A lot of problems happened since u guys collabe !
5/1/26,4:18:22,1,LINE SLOW,This past few days line problem terokkk
5/1/26,3:13:12,1,Goodbye,"Ever since Digi merged with Celcom, the service went downhill. Everything that works seamlessly before, becomes a hurdle. This app is not the only thing that sucks. I subscribed to a roaming plan and when I was abroad, it struggles to make a simple google search"
5/1/26,1:25:20,1,Diji,"Bdo dh collab pun tambh problem baek tkyh coleb, apps lama lgi btter dri yg skrng mcm gampang"
5/1/26,0:55:10,1,Slow and Stuck,This apps still sucks after update.
5/1/26,0:39:15,1,Sangat Teruk,"taktau la apa masalah apps ni,setiap kali bukak mesti sangkut kat screen biru yg tertulis ""celcomDigi"",sgt2 teruk drpd dlu sampai skang..mmg si*l apps ni"
5/1/26,0:12:23,1,App yg membongak,"Setiap kali buka app setiap kali tu aku uninstall dan install balik. Aku tak tahu kenapa dengan telefon aku yg masalah atau app ni yg sanngat bermasalah. Coverage tiada masalah, wifi ada data pun ada. App lama dulu lagi bagus. Tekan buka je terus masuk dalam app. App sekarang nakk tunggu keluar rama-rama tu pun berlengas jubur. At last stuck kat biru macam tu je sampai ke sudah. Siapa yg develop app ni? Bagitahu developer app ni macam syibai"
4/30/26,23:46:41,1,better celcom life,takyah pakai aplikasi ni macam siput lembab
4/30/26,23:12:10,1,Lousy app,Take very long to load
4/30/26,22:55:46,1,Cannot open,"Unable to open, unable to subscribe roaming when overseas"
4/30/26,22:36:01,1,Stupid apps,"Can’t access the apps, can’t pay the monthly postpaid, can’t access the internet. It’s like chicken and egg situation, but make it stupid like CelcomDigi."
4/30/26,21:53:55,1,Apps,Apps ni lembab mcm sial
4/30/26,20:35:14,1,problem,open apps loading lama..internet slow padahal  dah ambik plan rm60.. dulu guna yang rm30 ok je.. pastu *124#  takleh guna nombor aku.. suruh guna apps ni jugak untuk topup internet.. dan tetiba line internet hilang pada 30/4/2026 pada jam lebih 10malam
4/30/26,19:07:53,1,Return the old digi app,"Whoever is the developer is such a failure….why make it more difficult for people to navigate around? More steps to reach to a function, like?? Excuse me? The new app does not tell me when my next cycle is like the old app that does it down to the minutes and seconds…..Not to mention the app is always down, did my best to hold to the old app until it went totally down…"
4/30/26,18:45:03,2,Problem,"I prefer the old apps. This app is so slow, always maintainance"
4/30/26,18:00:40,1,Cant open apps even in 5G full bar,very unsatisfying
4/30/26,17:47:24,1,Sial,Mcam sial pnya apps..lembab nak buka
4/30/26,17:26:30,1,Lembab & mahal,Digi ngan celcom sejak sejak kawen ni line makin lembab sk.. dah la mahal. Ape tah
4/30/26,17:19:31,1,Owner apps idiot,The people who make these apps are brainless garbage pigs
4/30/26,17:17:01,1,Crash apps,Celcom Lite is better. This is worst. I cant even access the apps to make the payment. I enter 3 times but still nothing appears. Do something!
4/30/26,17:16:32,1,Apps Crash,"Unable to use this apps it automatically shuts down, please update and look into this."
4/30/26,17:16:32,1,Just A Blue Screen,Why?
4/30/26,17:11:43,1,Worst update,"I don’t understand what is the need to change the old app, back then I can just tell all the basic information about my plan and usage in a glance, now I have to press this and that just to see my usage, why does it need to be so complicated when it was so simple and straightforward. It was a very good app, now it takes forever to load the app not to mention just for me to simple check my usage. Please fix the problem, very disappointed with the new upgrade to be honest."
4/30/26,17:11:42,1,worst than the previous version,unable to even open properly
4/30/26,16:29:53,1,upgrade,"apa bende sia, ko nak tetiba xde line at least bagi sms ke apa, menyusahkan hidup org"
4/30/26,15:28:39,1,Nak log in pon tak boleh,Buang masa ! Elok2 celcom life dulu ko suruh tukar celcomdigi . Menyusahkan !!!
4/30/26,15:09:36,1,app not perform very well,"kembalikan digi biasalah app ni macam sampah gila, susah betul line nak kena kuat laa nak itu ini semua susah eee geram aku laaaa"
4/30/26,13:01:00,5,Wide Coverage Network,Celcom provides strong coverage and reliable internet. It is good for everyday use. Highly recommended!
4/30/26,8:16:10,1,line teruk,esok aku nak tukar line lain teruk sngat dah line digi ni
4/30/26,8:09:29,1,bingaiii la org sedang main tiba tiba la server down memang tak bole pakai,barua
4/30/26,8:06:45,1,Problem,Banyak problem
4/30/26,8:05:51,1,tiba2 auto renew tapi tarikh akhir awal bulan depan,"tiba2 renew time isi reload padahal data aq tarikh tamat  tempoh dia bulan depan, macam mana nak dapat refund ni celcom ???"
4/30/26,8:05:15,1,bodoh ke,apa yang bengap sangat ni system upgrade zaman bila bodoh penat lah pakai kau ni bodoh ii jelah collab mcm ni org tngh layan internet kau boleh system upgrade jadah apa kau nk upgrade system pon kau takyah lah sibuk nk delay kan internet bangang apa benda lah kau ni
4/30/26,8:01:01,1,Terrible,Terrible
4/30/26,7:12:22,1,SLOW LIKE HELL,since celcom and digi married all Slowwww!!weakkk internet weak signal 👎🏻👎🏻
4/30/26,7:04:40,1,APPS PALING BABI,"SAMPAI ASYIK CRASH, NAK BELI DATA TAK BOLEH"
4/30/26,6:49:38,2,Hi CELCOMDIGI.,Hi celcomdigi Your apps still lag at internet speed 50-100mbps. OTHERS: please do for prepaid users available 365 days subscription grace period. Please do package for PREPAID USERS CUSTOMERS more than 3 months FREE LATEST iPhone full set original Japan 🇯🇵. NOTE: for surplus income for APPLE & CELCOMDIGI.
4/30/26,6:22:06,1,honest review,this app got so manny problem. even when i already make a subscription my internet is still didnt work
4/30/26,5:34:43,1,Apps lahanat!,Korg punya apps ni zaman batu ke??? Punya la susah nk bukak loading berjam2 mcm babi!
4/30/26,5:24:27,1,Lambat,Slow apps
4/30/26,5:14:45,1,Loading get to long,Terrible app!!!
4/30/26,5:10:47,1,slow,very slow. apps celcom yg lama lg senang pakai 👎👎👎
4/30/26,5:09:06,1,Log in time super long bad review,Log in time super long bad review
4/30/26,4:57:53,1,So badd apps,Stuck blueeeee soo long...
4/30/26,4:30:45,1,what wrong ??!!,try wifi and data … show blue screen with super proud logo on for 10 min … after 10 min i am still not able to use ur app .. hello celcom . still sleeping ??
4/30/26,4:28:41,1,force close app,"idk, i already tried many times, im unable to open this app, its force close"
4/30/26,3:01:31,1,useless app,"What the hell is wrong with CelcomDigi? Every time I open the app, it just gets stuck. So damn annoying."
4/30/26,2:34:26,1,apps crash,sangat sangat sangat menyusahkan... sebulan ++ sudah tak boleh akses apps.. kenapa syarikat gergasi besar celcomdigi yang hebat ni tak boleh selesaikan masalah ni
4/30/26,2:32:30,1,Worst apps ever,Can’t even get into the apps
4/30/26,2:30:39,1,Lousy Apps,"Can’t even go into the main page, just keep waiting outside the preliminaries page. 1) extremely slow 2) have to wait for long minutes just to go into the main page 3) the previous apps MyCelcom which had been discontinued and forced users to use this lousy apps now , stupid development, just don’t know how much they paid to develop this new apps ! Stupid move !!"
4/30/26,1:36:19,1,slow lembab,pakai wifi punya la slow nak buka apps ni aduhai tolong kasi ok
4/30/26,1:13:46,1,apps unresponsive,i cannat open the apps since day one ive install it. it keep crashing again and again.
4/30/26,0:55:54,1,slow app,lembab gila app ni bodowww
4/29/26,23:54:02,1,reload pin issue,tiada kaedah reload pin
4/29/26,22:40:37,1,slow systems,the apps is not proper and very leg. please make something for customer
4/29/26,21:36:58,1,Apps bodoh celcomdigi,Slow macam gampang lagi laju bukak my sejahtera
4/29/26,21:20:44,1,Super slow with lot of bug,Please fix the apps..
4/29/26,21:16:34,1,Slow,"Dah kenapa apps ayik tak boleh bukak ni, penat laaaa"
4/29/26,20:13:41,1,u need to improve your apps,"it take damn long time for it to open the apps, that i need to use traditional way just to see my acc balance, u’re IT need to improve this apps, cause it quite disturbing n hard for me to purchase the internet, please  make it better, i need to delete n dw the app again, for it to open"
4/29/26,20:11:40,1,Bad,0 star for this app not friendly
4/29/26,18:36:25,1,Slow,Apps sgt slowww lepas kawen! Sila bercerai.
4/29/26,16:12:25,1,APP CRASH,The app keeps crashing after launched. PLEASE FIX IT!
4/29/26,9:22:44,1,Apk,To slowwwwwwwwwwwwwwwwwwwwwwwwwwwwwwwwwwwwww
4/29/26,8:52:52,1,celcom lepasni bagi line laku sikit sebab nak call awek ni,jangan sampai saya boikot!!!!!
4/29/26,8:47:51,1,app,"cant open the app,just stuck in loading app"
4/29/26,8:20:33,1,Stuck and lagging,The app stuck at OTP. What is this Celcom and Digi? Too incompetence to buy/develop apps?
4/29/26,7:09:22,1,Auto billing feature is broken,"I’ve tried multiple times to set up auto billing, but it fails every single time. It’s a basic function that should work seamlessly. Already update the app & reinstall but nothing change. Until this is fixed, the app is more of a headache than a help :("
4/29/26,6:54:08,1,Slow and keep crashing out,I can't even see my usage of internet???? it keeps saying try again??? It's been a few days even after I update my apps. So so so inconvenient and troublesome
4/29/26,5:42:42,1,Slow,Apps slow sangat. Tunggu dekat 15 minit asyik tunjuk background biru & celcomdigi. Tolong lah buat sesuatu. Ni malas pakai celcom.
4/29/26,5:34:01,1,Not good,Very slow and complicated
4/29/26,5:09:51,1,app,"sy ingt kan klau kmu upgrade app ada prkembangan atau istimewanya tpi app kmu nie lma kelamaan telan bnyk gb n susah btl mo login asik loading sj sdla lma lgi . i think kmu ksh upgrade nie app pn bkn ksh up tpi ksh downgrade bh. sy yg dri awl guna digi rasa kecewa sngt” , tolong ambil serius ya sbb bkn sy sj kmu bgi ssh tpi bnyk orng"
4/29/26,4:54:16,1,System upgrade app down,System upgrade for many days since 26 Apr. can’t even make payment. Don’t you think is a loss to company? Holding back payment from customer?
4/29/26,4:26:36,1,Takle nak access,"app apa ni? collab dua plan celcom dengan digi tapi app takle guna macamni, miskin sangat ke. astu nak bayar plan tak boleh. benda la"
4/29/26,3:02:00,1,Unfriendly use,Bad experience with this new app
4/29/26,2:30:03,1,Worst app ever,Worst app ever. Too slow.
4/29/26,2:00:59,1,Mahal x berbaloi,"Makin mhl x berbaloi i langgan yg unlimited pdhl internet tu limited beberapa gb shjaa ambil plan yg 5G tkda 5G pun sdg kn kwsan ni,support 5G"
4/29/26,0:39:40,1,bad usage,Keep loading worst then last time Digi apps
4/29/26,0:04:19,1,apps,apps baru ni dah la lembab nak mampus beli internet pun susah pstu boleh pulak autorenew pulak habis kalau nak beli internet yang lain macam mana call customer service pun macam bangang tak boleh tolong service la apps ni😡😡😡😡😡😡😡😠😠😠😠😠😠
4/28/26,23:38:42,1,trash app,apps keep force close after the new update...even before the update i have to open and close until it logged me in
4/28/26,21:42:11,1,Apps problem,Always loading & always hang when i did online payment. Please follow TnB apps very smooth
4/28/26,21:41:05,1,Stuck at blue screen,Worst apps cant even log in .keep stuck on celcomdigi screen
4/28/26,21:38:33,1,Couldn’t even open the application,"This been going for months, i have to pay using shopee instead of the apps because cant even open it. Gonna rate - start if i can."
4/28/26,20:54:28,1,Too Slow,"Please improve. Sudahlah line celcomDigi ni lambat. App yang baru ni pun lambat juga. Bila buka app, 10x ganda slow dia…"
4/28/26,20:42:11,1,this application very cheap first one is very better application,this application very cheap first one is very better application first one application so much better this one’s so many problem so many loading then how I use this application
4/28/26,19:26:56,1,Frustrating,"Ever since the digi app upgraded to celcomdigi app, it has become very slow and laggy. Even opening the app takes a long time, and sometimes it gets stuck on loading until I have to close and reopen it.

The navigation is not smooth either. Simple tasks like checking balance, buying data, or paying bills feel more complicated than before."
4/28/26,19:01:32,1,POOR,Always lag!! whats wrong wirh u guys !!
4/28/26,18:51:15,1,Slow,Can’t even open it ! Slowwww
4/28/26,17:12:30,1,Poor,Stupid app
4/28/26,11:48:23,1,Crash app,NEW APP CELCOM IS 98% BAD AND CRASH. Im stress use thise fxcking app..
4/28/26,10:30:56,1,lembab,lembab
4/28/26,10:10:50,1,Apps bodoh,Apps macam babi. Stuck dekat biru. Bodo punya apps barua
4/28/26,9:38:32,1,Apps gila,Apps loading sangat teruk. Dah topup tapi tak update ammount. Sangat menyusahkan
4/28/26,5:54:57,5,Convenient,"As a celcom user, this app really make my life easier. To pay bills, to check my internet quota, to check my subscription all in one place. It is secure and online bills really help to save paper and save the environment too."
4/28/26,4:47:55,1,Bug,I can’t open this app. Stuck in loading screen. Please fix this issue
4/28/26,3:05:17,1,APP TO SLOW,very slow and so problem with this app i like the previous app for digi its better than this app the previous one is easy and fast
4/28/26,2:20:14,1,Susah masuk apps,"Tolong perelok aplikasi celcom digi ni. Sebab susah betul nak masuk apps. Berjam2 tunggu, xboleh buka pun app ni. Kalau 10 kali nak buka, 2 kali je senang masuk. Yang lain, tunggu sampai botak rasenye"
4/28/26,1:15:09,2,Loading too slow.,The loading time took too long. Just want to check data balance.
4/28/26,0:04:06,1,Problem,App tak boleh buka and slow bila nak buka app
4/27/26,23:36:37,1,Transaction Record？,The transaction record only can view last 7 days？ How do i remember if I have or have not paid for last month？ or last 2 month？
4/27/26,23:34:00,1,CANNOT OPEN THE APP,"i want to pay for my plan but i can’t open the app at all, so how am i supposed to pay???? PLEASE FIX THIS PROBLEM"
4/27/26,22:36:29,1,Worst app in the world,Cant even display the login page after ask me reinstalling. If can give 0 star i will give 0 star.
4/27/26,22:19:13,1,Wtf is this?,So dumb
4/27/26,22:04:08,1,maaf cakap,apps slow banyak masalah . harap improve lagi dah tahun 2026 ni
4/27/26,21:07:03,1,News,Update apps baharu yang makin lembap
4/27/26,21:05:52,1,Lousiest APP ever,"Even though thousands times verified ic still my numbers didn’t show up. Use back the old APP if your new developer is not ready. Terrible, and going to change telco soon if issue not reaolved."
4/27/26,20:50:05,1,App is not functioning properly,i try to activate me prepaid sim form the app and when i go to enter my address the options for the city and state are not displayed in the drop down and i am unable to manually type them in either
4/27/26,20:08:25,1,Learn how to develop an app,"Its really slow, when I top up it doesn't increase my balance but my bank got billed, support doesn't help jack shi, the old app is way batter but now have to stick with this shi"
4/27/26,19:43:11,1,App is not responding,"Please fix your app, cannot even go in. Keep showing me Celcomdigi for what, i want to go in the app and access with my information not keep seeing your logo."
4/27/26,19:40:42,1,APPS MENYUSAHKAN,kembalikan version lama!
4/27/26,19:31:33,1,System problem,System stuck logo dah berapa lama
4/27/26,19:24:55,1,Not consistent,Let say topup on 1/04 later receive a message data prepaid internet will expired on 28/04 but i still have so much quota remaining but then the long term using is not even one month but less than one month. Celcom digi is cheating. I think gonna change to maxis after this.
4/27/26,19:07:52,1,Apps,Slow and very very slow. Overcharges as well. Apps too slow and service too slow.
4/27/26,18:41:41,1,Cannot access ?,Cannot access?
4/27/26,17:14:57,1,moving to u mobile,what is the problem with your app? Can’t log in everytime?
4/27/26,10:39:39,1,Tidak boleh buka,Tidak boleh buka
4/27/26,9:24:39,1,STUPID APPS,Stupid apps
4/27/26,8:42:03,1,Not working on iphones with dual physical sim,App does not load and gets stuck on celcomdigi logo only.
4/27/26,8:40:10,1,Lembap,Apps paling bodo. Loadinggg all the time! Pls improve your apps la weii bebal
4/27/26,7:25:03,1,slow cok,"line digi sri aman slow bang, kmk nak chat ngan gerek kmk xpat, Taik palat"
4/27/26,7:12:26,1,app do not open !,app tak bolehh buka
4/27/26,6:48:45,1,worse app ever,Still got data but cannot use due to app problem. cant open it at all. deserve 0 star instead. why change from better app to rubbish
4/27/26,6:46:06,1,Line,Slow and lag
4/27/26,6:44:51,1,COVERAGE SO SUCKS,the coverage about this celcomdigi so sucks
4/27/26,5:37:55,1,Apps paling bodoh dalam dunia,"Bila nak bukak asyik loading je, lepas tu asyik logout. Mcm gampang punya apps. Lepas tu line selalu barred walaupun bil belum kuar lagi. Alasan pakai overlimit. Overlimit tapi bil belum keluar lagi dh barred mcm gampang bodoh punya celcom lepas bergabung dgn digi jadi mcm provider paling bodoh dalam sejarah. Mmg aku tukar line pergi ke maxis atau umobile lepas ni. Pergi mampus aku tak kan pakai lagi celcom tahi ni."
4/27/26,5:22:38,1,Rubish app,"Upgrade apps utk lebih unfriendly, nak tgok bill apa semua susah. Selamat dah awal2 opt auto debit kalau tak lagi emo eh aku nak kena buka apps kau"
4/27/26,5:11:47,1,apps cannot open,tolol sampai skrg tak boleh bukak apps sampah nk beli plan pon susah
4/27/26,4:50:30,1,Stupidest transition ever,"Celcom apps is good but this one, i reload but did not reflect, cannot buy internet, very slow apps, sometimes cannot login,"
4/27/26,4:40:33,1,slow and loading,the apps always loading and very slow to enter. pls rectify this issues for user friendly and good apps.
4/27/26,3:16:57,1,Celcomdigi apps !!!,"Baik tak payah update kalau setiap kali update same je loading lambat pulak tu nak ke boleh masuk. Kami mahukan yang pantas dan cepat. Bukan yang lambat dan menyusahkan! Setiap kali nak buka kene login. Ape bende menyusahkan macam ni? Kalau mcm ni, baik tukar telco jelah. Jom kawan2 tinggal je celcomdigi ni. Kita pindah ke maxis atau umobile pulak. Takde slow dan menyusahkan mcm apps celcomdigi ni 😡"
4/27/26,1:57:26,1,This app is useless,Digi app way better than this app . I can’t even do anything using this app .
4/26/26,23:55:47,1,Too slow to open the app,The app too slow to open so many useless thing in apps
4/26/26,23:21:10,1,Cant open,i cant open this apps after i update so what the point i updated this apps?
4/26/26,23:08:17,1,Slow To Update Latest Balance After Reload,2 companies combine still cannot develop a good app
4/26/26,22:59:25,1,worst app ever,"the worst apps ever, u two shouldn’t decide to marry at the first place"
4/26/26,22:52:50,1,System,this app cannot open on my iphone ..
4/26/26,22:46:58,1,Scam,Dah lah apps slow line slow. Tempat lubuk scammer b4b! You dont even deserve 1 star
4/26/26,20:50:23,1,Poor quality,Slow and unusable
4/26/26,20:15:38,1,Bad Payment Experience,everytime after complete payment app stuck in blank page
4/26/26,19:41:19,1,Sluggish system,"If given a choice, don’t choose Digi"
4/26/26,18:38:04,1,Roaming,Can not apply for roaming frm the apps
4/26/26,18:37:39,1,annoying,cant open app !!  wanna pay bills but cant open the f app
4/26/26,17:17:05,1,bad bad,slow app
4/26/26,16:09:36,1,Celcom App,app paling lembap dan menyusahkan sentiasa kemas kini tapi lembap nak mampus
4/26/26,10:12:18,1,celcomdigi lembab,tak best macam celcom life. lembab
4/26/26,9:24:03,1,THIS APP FKING PROBLEMS,"STUPID APPS, SLOW AF. REPAIR YOUR SYSTEM !!"
4/26/26,9:15:35,1,Apps Keep Crash!!!,"Apps always crash!!!
Already uninstalled and installed the apps, but the problem still continue….!!!
Please fix it A.S.A.P!!!"
4/26/26,8:21:50,1,Bad app,Really slow to open
4/26/26,7:22:57,1,Bad service,"Bad telco, after Digi been acquired by Celcom service drop. Incoming calls always need to wait few minutes only can listen to callers and consistenly NO Data at PJ area (Damansara Perdana, Rafflesia area). Now shall I change Telco!!!  I urge everyone shall swap to other Telco."
4/26/26,7:16:13,1,Apps paling slow,Ini lah salah satu platform yg paling serabut dan menyusahkan. Padahal sebelom nk elok je. Skrg dh jadi celcomdigi bukan main terus lagi walaupon hati masih setia. Tapi sakit hati juga dengan apps dia ni. Menyusahkan setiap kali nk masuk apps mesti problem lembap lambat
4/26/26,6:12:00,1,Celcom bodo,App mcm bodoh
4/26/26,5:56:01,1,apps,slow response
4/26/26,5:40:12,1,Slow apps.keeps loading.,"Slow apps interface.keep taking to much time to load.even just to check for bill become so much troublesome.please,youre big company.please fix your apps.make life easier.if can rate no star i would rate no star for this kind of services."
4/26/26,5:34:54,1,App macam babi,"Elok je pakai app digi sebelum ni,dah tukar celcom digi ni dah macam babi lembab nk mampus hanat."
4/26/26,2:48:36,1,bad,very bad and very long loading
4/26/26,1:43:44,1,Apps menyusahkan,Lembab apps ni payah nak pakai..naik apps digi lama..buat apps baru menyusahkan
4/26/26,0:36:03,1,app slow,slow
4/25/26,23:45:49,1,Corrupted app,What's wrong with the developer of this app? Not getting paid enough? How long you can improve this bloody app? I cannot enter my other numbers to make a payment after entering IC number. Come on developers team. Improve and have a team meeting and QA tester to test the app first beifre release public version. This is worse than the beta version. Poor to us and end users whose only wanted to make a basic usage which making a payment but unable to perform those basic tasks.
4/25/26,23:10:21,1,Slowed open apps,Lol
4/25/26,21:57:11,1,SHOWSTOPPER ERROR BUG,"cannot even enter the app, app keep close by itself, suck"
4/25/26,20:54:43,1,App lembab,Selalu lag.
4/25/26,20:53:45,1,apps teruk,nak bukak bayar bill pun berjanggut
4/25/26,20:19:57,1,canot open app,app canot open at iphone 3 time remove donwload again
4/25/26,19:44:31,1,Loading forever,Useless apps..Can’t even enter the apps. It is loading forever. Will port in to maxis after billing cycle completed  if this stupid apps still unstable
4/25/26,18:57:04,1,Stupid apps,hired too many monkeys and pig working here no wonder too many problem.
4/25/26,18:27:28,1,App paling sampah,Nak verify ic pun tak lepas2. Budak sekolah buat app pun lagi elok. Baghal
4/25/26,10:41:46,1,Whattt,I can’t open the website
4/25/26,10:36:11,1,Tah pape,App paling bermasalah
4/25/26,9:23:06,1,App apa lah,Apa benda la app crash tak boleh masuk.
4/25/26,8:41:51,1,Bugs?,Bugggg
4/25/26,7:57:50,1,can’t open apps,honestly why i can’t open it please fix ASAP
4/25/26,7:17:56,1,Line banyak susah,Ale lah data mahal line banyak susah
4/25/26,6:42:32,1,Worst Apps,The worst apps I’ve ever used. I cant load anything. Keep loading and suddenly crash. Other than paying bills I don’t know what else to do with this apps. Even simple information hard to find. Not user friendly at all. Please hire someone good to maintain the apps. Even intern can do better
4/25/26,5:34:24,1,sucks..,xleh masuk langsung la wei.. aku nak bayaq bill bagi duit kat ampa pun xmau ka
4/25/26,5:12:46,1,very stupid and troublesome,very stupid and troublesome
4/25/26,4:30:18,1,is this even an app?,"too slow!! rather not to use, whenever open its taking forever to load !!"
4/25/26,4:30:05,1,"Bloated, slow, and unresponsive.","Bloated, slow, and unresponsive.
Forced to migrate because the old Digi app was shut down, and this is what we get? It is easily the slowest app on my phone. No matter how fast my 5G or Wifi, the app constantly hangs on loading screens. It's bloated with “1001 features"" that nobody asked for. I’d trade all these useless features back for the old, simple, and fast Digi app experience in a heartbeat. Fix your servers."
4/25/26,3:48:58,1,Useles app,This app giving me nerves .. only stuck at welcoming logo
4/25/26,3:47:25,1,Invest your app,"I am writing to express my frustration regarding an issue with the CelcomDigi mobile app. Recently, whenever I try to log in, the app fails to let me access my account. I have ensured that my login details are correct and that my internet connection is stable, but the problem persists.
This issue has made it difficult for me to manage my account and access essential features. I would appreciate it if your technical team could look into this matter urgently and advise on how to resolve it."
4/25/26,3:28:04,1,Perkhidmatan Aplikasi yang Sangat Teruk,Tolong baiki operasi aplikasi. Terlalu teruk la perkhidmatan. Rasanya kena tukar kepada ke rangkaian lain yang lebih okey ni.
4/25/26,3:11:12,1,The app so slow to load,Its hard to use the app. The loading is so slow and the pakage worth it at all. If still no improvement i will just change to different telco service.
4/25/26,1:56:38,1,Celcomdigi,nak add on internet sgt hmm 😔
4/25/26,1:40:33,1,Worse app,Worse app
4/25/26,1:11:06,1,Very very Poorly design app,"This app is the worst app ever created for mobile network. none of the thing works and it keeps log you out of the app, everything slow, and crash when you switch between apps. the interface is bad with poorly design pages. you will thought that downloading an app will make everything runs smoothly, IT DOESNT! you have to wait 10-15 minutes (according to live agent) for your acc to be charge! what the hell is the function of the app then if i have to wait that long? the old app function better and this CELCOMDIGI app that supposedly be the better version sucks! what the function of these 2 big companies merge if they cant do anything right at all. the coverage sucks, the price and data offer sucks, AND THE APP SUCKS!"
4/25/26,0:12:00,1,App Sampah,"“system upgrade notice” apa sampai sehari ni , nak beli internet macam mana dahla slow , very baddd!!"
4/24/26,23:42:58,1,Apps celcom digi,"Very bad apps,slow like hell.please upgrade luke digi apps before this,easy to handle"
4/24/26,23:31:31,1,SUCKS,"Since we need to deal with this new app, everything getting harder and harder. I want the old digi app again! I can easily monitor my internet quota and subscribe quota top up. Also the customer service sucks!"
4/24/26,23:30:07,5,Great App,"Its wonderful and awesome app!,this is probably one of the most used app and i love it,thanks so much for providing such great features here,keep it up."
4/24/26,23:22:44,1,Celcome gagal macm elok tukar telco,Menyusahkan orang baik pakai celcome life je lagi senang nak bayar ni nk kena topup dulu baru bolh beli internet tak macam dulu terus bolh beli internet
4/24/26,23:17:08,1,This app won’t work,Tried several times install and uninstall back. But the app still not working. Im stuck at the loading screen every time…wasting my time and how am i supposed to subscribe my data plan if I can’t even open the app???
4/24/26,22:58:22,5,Reliable Signal Anywhere,"I always have a signal with Celcom, even in remote areas. The life app is very user friendly for tracking data and grabbing vouchers."
4/24/26,22:40:25,1,Bad bad bad bad bad,Like bad bad… idk what’s wrong with this app.. the old digi app was a lot better 😒 couldn’t even open it.. keep loading and so slow
4/24/26,22:36:02,1,Poorly develop app.,"1. It takes forever the load the app. 2. Can’t adjust the mobile data sharing
3. Old Digi app works much better than this.."
4/24/26,22:07:41,1,WORST APPS!,The worst apps ever! very slow!!!!!!!
4/24/26,21:10:10,1,semua urusan jadi susah,nak bayar bil untuk no lain tak bolah nk buka jadi lambt
4/24/26,21:02:51,1,Unable to activate prepaid,Useless app. When asking for current address it doesn’t load the state and city dropdown box but forced to select. Can’t even proceed to activate the sim
4/24/26,20:30:40,1,Mempersiasuikan,"After the merged they just don’t really care on the quality, as long as people still paying"
4/24/26,20:14:00,1,The app so many issues,"What rubbish new version app. Update as rubbish app. This is the worst new version ever. 

New version keep lagging, a lot of bugs, cannot check statements as well. 
Customer service also cannot settle my issue. 
What a useless new version app. 

Previous app better than new version. Fast n simple."
4/24/26,20:11:00,1,slow,LAJUKAN SIKIT BOLEH TAK SEJAK COLLAB DENGAN DIGI MAKIN LEMBABBBBBBBBB kau dah release apps baru makesure process be smooth la bro
4/24/26,20:03:38,1,slow server,untung banyak tapi lag
4/24/26,19:57:23,2,About reload,"I can’t reload my balance right now, right after i tap to reload my screen becomes black and says try again, i already try so many times i still couldn’t… it’s really hard for me because i need to use data a lot, now i can’t even buy a data"
4/24/26,19:46:33,1,Couldn't open the apps,I couldn't pay the bills cause the app couldn't open it
4/24/26,18:22:13,1,Loading time slow,"Sangat slow just untuk bukak app? Lebih dari 5 minute waiting time, tau la app ni hanya untuk buat bayar bill, tapi takde tester untuk test ke?? Setiap kali bukak mesti slow, orang ada benda lain lah nak buat selain tunggu app kau loading lama kat situ , first step je dh slow, come on celcomdiji"
4/24/26,15:51:34,1,SLOWW AND NOT FUNCTION,why cannot open and so slow
4/24/26,9:46:40,1,Rubbish app,Rubbish
4/24/26,9:36:54,2,slow,slow macam jubo
4/24/26,9:16:54,1,Apps lucah,APPS PALING LUCAH MASUK APPS MACAM TENGOK BLUE NENEK KAU BABII SLOWW ANJENG BELI DATA PON X DAPAT TENGKORAK MAK KAU
4/24/26,8:55:29,1,Apps tak guna,"Slow, not responsive, keep hanging. Tolong belajar buat apps macam maxis"
4/24/26,7:50:38,1,late,"imagine top up sebab mau melangan skli masuk dlm apps refresh2 tiada masuk2 so tda boleh beli internet,,excuse me what’s the point sy pakai apps klau ending sy guna bintang satu satu lapan pagar sinting jngn ckp sy tda kuat line terang2 5G full bar lbih 3 minit tiada update dalam apps last2 guna manual ih buang storage sja oh"
4/24/26,6:56:00,1,Idi0t app,stpd dev stpd owner .. make new app no function line still slow kima lu cbai kanina lanchiao
4/24/26,6:38:31,1,Apps crashed,"Dah sebulan crash, menyusahkan je nak bayar bill dan nak beli data dalam tu .smpai sekarang apps scren biru depan tu je"
4/24/26,6:24:35,1,better yg lama,susah sangat nak pakai apps ni.. nak add nombor lain pun susah.. sangat2 tak friendly use
4/24/26,5:36:15,1,sucks,stuck at blue screen
4/24/26,5:01:13,1,teruk betul.,syarikat beratus juta. apps macam budak darjah 3 yg buat. baik apps yg lama lebih bagus dari yg ni
4/24/26,4:37:07,1,cerita hari iniii,takle bukak app do adoiii
4/24/26,4:20:01,1,Jadah punya app,Lepas update update jee app same je kadang elok kadang tak app haram jadah ape laa
4/24/26,4:16:59,1,Line slow,Apps paling jahanam ✌️
4/24/26,3:55:13,1,Tak berguna,"Nak bayar pun susah. 1 akaun ada 3 nombor, sampai ke sudah 1 nombor je keluar bodoh la. Dah macam2 cara nak add nombor still tak boleh. Last pakai jompay jelah"
4/24/26,2:29:21,1,"Cannot open the app, not user friendly","Why the app is very bad? I cant even open it, i tried everything. the previous digi app is better than this. You guys shall just follow prev digi format which is more simple n user friendly, and rn we cant even control supplementary line data limit."
4/24/26,1:26:16,1,Lembab,"Slow sangat, baik guna App Digi je lagi laju. Ni gesture punya slow lembab, lepastu serabut je"
4/23/26,20:55:12,1,Digicelcom slow very bad,Very very bad takguna punya apps lambat dan Kenapa kawinkan celcom line okey terus jadi slow boikot CelcomDigi
4/23/26,20:09:24,1,LINE CAM SIPU,nak buka app pun loading line makin lama makin terok
4/23/26,18:47:10,1,worse app since launch,BRING BACK THE OLD APP SO THAT FINANCE DOESNT HAVE TO ADD EXTRA BUDGET TO UPGRADE & MAINTAIN USELESS APP
4/23/26,18:39:17,1,Not responding,Always stucked at starting screen. FIX YOUR APP!
4/23/26,17:34:11,1,Lot of bugs hang on logo if using wifi won’t load,Always hang on logo
4/23/26,16:08:08,1,Very stupid and useless app i ever use,I hope u this app gone soon
4/23/26,15:09:15,1,Suck,"untill today still suck, profit billion every year, but still cannot manage a good apps for customer."
4/23/26,11:46:13,1,not good,i buy data with free 10gb fast but can’t use or active it just show only my internet data but not show the free 10gb to active it waste my money
4/23/26,10:18:32,1,Internet 35,"Sangat terok. 35 internet unlimited, tapi dh habis, tinggal basic internet sahaja, kau ingat beli data pakai air liur ke sial selcomdigi, kembali kn 39 bodohhh…macam gampang, x smpi lgi date sepatutnya internet dh habis, kata internet unlimited, tapi mcm musibat"
4/23/26,9:44:17,1,app lembab,"app lembab nak 
mampos dok sangkut kat blue screen celcom digi bdo tu ja… tlg fix problem ni boleh x"
4/23/26,7:51:02,1,internet,slow betul internetnya macam siputt
4/23/26,7:42:34,1,Slow,App ni slow siall
4/23/26,7:11:44,1,App Lembab,"sepatutnya buat app baru harusnya lebih smooth ringan bila login untuk memudahkan urusan..dulu katanya 
internet data digi meluas setiap pelusuk..tapi hakikatnya makin teruk..sebelum ni digi ok ja tempat saya..sejak bersama celcom terus makin teruk..untung belambak dah.."
4/23/26,7:03:47,1,price go up like crazy,haha lol
4/23/26,6:45:03,1,Apps can’t open,"Worst apps ever.even want to open for add on package but it’s can’t open already restarted many time,unistall few times but result still same.can’t open the apps until now"
4/23/26,6:38:06,1,Korang boleh pergi melingkup dgn line bdohh penipu korang tuu,Line paling bodoh pernah aku pakai dah laa scam orang bangang betul laa syrikat bdoh korang bayar mahal2 tapi data mcm hanat harap2 korang lumpus dah laa line korang ni menyusahkan orang jaa bdohhhh.. aku tak halal duit aku satu sen bdohhh..
4/23/26,5:41:40,1,LEMBAP,App yg paling bodoh aku pernah install
4/23/26,5:19:36,1,tiada function,apps lucah
4/23/26,2:14:17,1,Application hang,"Im sorry. Worst apps ever, when open the app always hang. If you advice us to reinstall the app meaning your apps totally not user friendly at all. Please lookout your developer. Tq"
4/23/26,1:32:36,2,Too slow for a basic app,Can you please invest a bit more time and effort in enhancing the app (not only the look duh) pls also focus on the app reliability especially on loading time. Other apps works realllllly fast while your’s is slower than a snail even in the startup page. Please improve it.
4/23/26,1:31:15,1,Slow,What’s wrong with your apps? Why so slow keep loading!
4/23/26,1:23:45,1,.,Got a lot of problems
4/23/26,1:04:31,1,lembab nak mampus,kiamat pun belum tentu dapat login
4/22/26,22:54:33,1,CANCEL SUBSCRIPTIONS,masalah betul la…dah cancel subscribe nk pakai yg lain…masuk je topup auto tolak credit…kita nk langgan lain
4/22/26,22:22:36,1,Ui/ux not leading friendly,"Take too much time to load, not user friendly enought, this is so bad and frustrating"
4/22/26,21:08:40,1,App serabut,"App paling bingai
Dah buat Internet tapi tak masuk 
Duit kau dah bedal 
Tolong lah baiki App kau ni 
Serabut kan orang 
Time tolak data kemain laju"
4/22/26,20:28:57,1,too much lag,too much lag
4/22/26,19:58:37,1,Useless apps,Stupid apps update cant login
4/22/26,18:22:55,2,Sistem tak laju,"Waktu apps digi dulu, laju je apps operate. Bila dah jadi celcomdigi kadang banyak kali kena refresh, pastu internet laju pon apps loading juga. Mohon perbaiki ya saya dah lama dengan digi"
4/22/26,17:24:37,1,Rude customer service,I make call to file a complaint then hang up on me
4/22/26,17:18:06,1,LINE PROBLEM,"DIGI TERUK GILERR! Yg mana pakai digi sila tukar, makan duit aku tau tak!!! Baru je isi data tapi tk leh guna,harga buknnya murah!!! Sekali topup rm 50 tai line tk leh pakaiiiiiiii!!! Aku ni duduk tengah bandar kott still line digi problem teruk,stress aku!! Aku tk halalka duit akuuu!!!"
4/22/26,16:38:03,1,App bodo,Slow macam bodo
4/22/26,16:03:30,1,slow apps,very poor software dev. should terminate the whole team members. Celcom and digi also should bercerai
4/22/26,15:31:59,1,so slowww,pleasee faster apss
4/22/26,14:15:31,2,Line slow,Line slow
4/22/26,11:29:29,1,App has no use for me.,"Even with latest app updates, there was no payment history from the old app in this new app (for references / payment tracking) — at least for the past year. 

Furthermore, all paid bills that were paid not from this app ie Touch N Go / e-banking apps / ShopeePay are also not displayed in this app. So I have to only rely on that third party apps for bill payment proof via SMS, emails or e-receipts. Why I chose to pay using third party apps because this app is too slow to even just load the home page! 

The least this app can do to be useful is keep the customer’s bill payments up to date in this app regardless of which app customers used to pay their bills. If Celcom dont do this, then this app is just a waste of storage space in the phone."
4/22/26,10:38:45,1,So slow,So slow
4/22/26,9:39:09,1,Sgt” lambat 👎🏻,Servis not good
4/22/26,9:27:05,1,Aplikasi harus di baik pulih,"Aplikasi ini sangat perlahan , untuk keluar menu sangat perlahan apabila di buka , makin menyusahkan pengguna untuk menikmati aplikasi baru ini"
4/22/26,8:40:30,1,Apps not working,Fail to open/launch
4/22/26,8:16:43,1,Bukak App Nak beli Data,"Pinjam Hotspot.
Dah pinjam x leh bukak."
4/22/26,7:49:09,1,Shameful,I have used this on both android and ios. Surprisingly it is very bad on both. Opening this app is like opening a gatcha egg. You’ll never know when it will be open or when it will stuck at the blue screen of death. This is CelcomDigi for real? Even after combining 2 entities and this is all they have to show? Shameful. I think a college student can create an app more stable than this. Truly shameful.
4/22/26,7:15:45,1,Unreliable mess and unintuitive,This app has to be the most convoluted app ever made. Why is it so confusing to navigate? Payment is painfully slow to reflect. How do I check my transactions?
4/22/26,6:52:50,1,digi barua,line macam bodo slow nak mampos
4/22/26,5:58:13,1,Hawau,Lebih kepada downgrade app..Bukan nk bagi mudah user tp bagi jadi lagi susah..app digi sebelum ni lagi function la..Cmon la dh lama dh release pun kayu lagi
4/22/26,5:13:03,1,Please Fix Your Apps,"whats wrong with this app? I cant even open the apps , already reinstall still the same , worst app ever"
4/22/26,5:07:23,1,Can no longer view data usage of my other numbers,"How many times do I need to secure my account using eKYC? Already did five times and now the app is asking me to do it again. Oh come on lah.

Your supposedly “AI” chatbot is rubbish. It just doesn’t work. How to replace human agents like that. Can’t even function.

Then no option to check ongoing case that is under investigation. Also cannot track previous cases. Come on lah please use your own app and think from a user’s perspective. Your UI and UX designers are so hopelessly out of touch.

### previous complaints (not solved yet)

Unlike the old app, the new CelcomDigi no longer allows the usage data quite of other registered number to be viewed.

Rubbish. Don’t tell me Digi people don’t even use their own app to realise this? Oh come on.

And in the app privacy disclosure in the App Store, it says CelcomDigi has access to “user content”. Why are you guys trying to access our gallery then?"
4/22/26,4:42:38,1,xyah ada apps lahh,x layak pon dpt 1 bintang…Apps mcm taik…lgsg xleh nk login
4/22/26,3:52:48,1,Not friendly user for Prepaid User,"The history of transactions were never shown in the apps. Whenever i purcahse plan, i cannot access the recipt as it says i havent purchase any. Honestly atp just deleted the apps instead. I couldn’t claim my e-invoice due to this. And yes i have talk to the bot and love agent. They werent helpful"
4/22/26,3:46:30,1,digi,"susa msuk apps, intrnet 9-21 hb sudh abis seblum ni guna apps digi lama okey jk cukup 30 hri internt"
4/22/26,3:27:20,1,Useless app,Such a useless app just take customer money😂
4/22/26,3:08:50,1,Buruk,Tidak dapat digunakan
4/22/26,2:47:06,1,Too slow,This app is too slow.
4/22/26,1:57:49,1,Worst apps ever,"Tak layak utk dapat satu star pon, apps yg tersangat teruk"
4/22/26,1:30:10,1,Application performance,"I’m really disappointed with the CelcomDigi App. The app constantly freezes and doesn’t open properly. I’ve had to wait for hours just to try and buy internet, which is extremely frustrating. 

Honestly, the previous versions of the app were much better than this one. This update feels like a step backward in terms of performance and reliability. Please fix these issues as soon as possible."
4/22/26,1:14:19,1,Very Slow and take time to load,Previous celcom app is much better.
4/22/26,1:10:26,1,App wouldnt load,App remains in blue loading screen and wouldnt load.
4/22/26,1:06:40,1,失败的app,垃圾app ， 进入app很慢，进到里面要选东西要等很久，使用界面很麻烦…这是一个超级失败的app ！
4/22/26,0:56:03,1,App Crashes,Cant even open the damn app. It’s stuck at the blue screen and force exit each time. How tf do you expect people to pay the bills when you cant even provide a functional app to do so
4/22/26,0:52:40,1,Zero star,"Rubbish app,can’t open"
4/22/26,0:48:16,1,Unable to view the bill,How I can make the payment if unable to check my bill 🫩
4/21/26,23:18:27,1,Fancy but poor performance app,The interface are too “fancy” for an app nowadays. Slow response app. More simple straight foward app will help a lot. users want something easy&fast not something fancy&slow.
4/21/26,21:28:11,1,Servis yang mengecewakan,"1. Apps yang terlalu lembab untuk loading.
2. Tak boleh membuat pembayaran untuk lebih dari 1 nombor."
4/21/26,21:06:56,1,apps paling mnyusahkan..baik apps digi lame,apps x funtions..nk langgng un susah kne guna *128# baru boleh..slowww..ap funtions 500mb klau nk buka apps pun x boleh?
4/21/26,18:45:06,1,Lembab babi,"Apps ka apa ni bodo,, lembab sangat sial"
4/21/26,17:49:52,5,Absolutely cinema,Nothing but goodness
4/21/26,17:31:44,1,Slow,Why yr apps is too slow? This new apps. Before apps more okay. Please repair.
4/21/26,16:43:49,1,MyDigi better,Wtf is wrong with this app? Mydigi wak already okay!! There is no need for this trash app!! So slow and cannot login multiple accounts at the same time. What a waste sia
4/21/26,16:35:41,1,Cannot open apps at all,Useless
4/21/26,13:40:18,1,Celcom,Whats wrong with your app.very useless app.please do anything to your app. Very stupid
4/21/26,13:05:12,1,App gets dumber and slower with each update,I hope the entire team that handle and run this app project choke on a concrete. No point giving constructive criticism when all these people do is say yes we hear your feedback and pour it down the drain. Tqvm for your monthly payment. Please repeat paying next month
4/21/26,10:22:35,1,App,Slow nak mam siak
4/21/26,8:43:12,1,slow,"Masa pakai celcom life dulu mudah je urusan nak beli internet and langgan. Now, menyusahkan sia. Line kene betul2 laju baru boleh bukak app ni. Dah la loading kemain lama last2 something went wrong eh hang mmg fak. Kalau tak boleh bukak terus je cakap xleh bukak ni duk loading buang masa sia. Bapak slow do app ni. Sapa yang buat ni? Sampai bila nak stay camni do? takde inisiatif ke untuk jadi lebih baik? ramai dah komplain tapi still hauk. Hope komen saya ni membina korang untuk ambil inisiatif dan perbetulkan apa yang kurang."
4/21/26,8:23:39,1,"Very the bad internet, dislike ! Almost 18 years i use this year very disappointed me","Not good, hurtful things"
4/21/26,7:51:30,1,network problem,aplikasi lambat respon line slow macam bdo pastu setiap minggu mesti problem kerja nak ambil duit haram je dah penat dengan line tak apa’
4/21/26,7:47:44,1,...,"apps bermasalah, lne sangat slow.. nak bayar bill menyusahkan.. lagi mudah jika guna apps mydigi.."
4/21/26,7:43:48,1,Apps always can’t access!,"Line always interrupts, poor service!"
4/21/26,6:33:18,1,Teruknya digi sekarang kenapa line slow blom tamat tempoh line sangkut” apa yg diperbaharui,Mcm babi
4/21/26,6:03:58,1,line mcm barua digicelcom ni mcm puki mak kamu yang kerja sma digi ni,line mcm barua digicelcom ni mcm puki mak kamu yang kerja sma digi ni
4/21/26,5:57:30,1,Service & Networking,Dissapointed & very poor
4/21/26,5:57:25,1,Lambat nak buleh masuk app,Line memang laju tapi nak masuk app celcom digi ni jadi lembat tolong baiki
4/21/26,5:45:11,1,Worst apps,Celcom lite apps more powerful & easy to use.
4/21/26,5:37:54,1,Too much slow to open the apps,These app too much slow to open it….need to wait for a long time to open….when open these the app exit back cannot open…..stupid app
4/21/26,5:32:36,1,LAG KONTOL,APALA ANJING MAIN RANK AJA NGELAG PENSI AJA LU
4/21/26,5:19:19,1,Apps Celcom Digital tak boleh view bill,"Dah 3 hari tunggu tak boleh semak bill
Apps apa ni
Susah la"
4/21/26,2:43:45,1,take too long to enter the app,"Very disappointed with the CelcomDigi app. It takes too long just to open and enter the app. Every time I need to check something urgently, I have to wait for loading for so long. This is very frustrating and wastes my time. Please improve the app speed and performance because users need fast and smooth access."
4/21/26,2:26:31,1,Too slowwww,"This app very2 slow & almost laggggg. If can give negative star, i would rate it"
4/21/26,2:22:21,1,jahanam,apa benda sial nak buka app pun tk boleh? nak suruh aku bayar guna apa? daun? takboleh bayar bil data takda line sampai kena merembat dekat dobi guna wifi setiap hari? siapa engineer maintenance celcom ni babi? budak intern ke?
4/21/26,1:58:10,1,Apps not working at all,Apps not working at all ..
4/21/26,1:52:29,1,Tidak boleh digunakan,Makin hari makin teruk sampai nk buka pun x blh
4/21/26,1:04:31,1,coverage,"VERY SLOWWWW internet even pay for 5G plan, the coverage is VERY LIMITED and WEAK!! please rethinking about other network before proceed with this digi, soooo frustrating"
4/20/26,23:43:51,1,Apps not working,"The apps working so slow and sometimes it’s not working, can you guys update your apps and making it easy to use."
4/20/26,22:51:52,1,Fail,Po taik.reload dengan pin.tak dapat
4/20/26,22:37:42,1,App paling lembab,app paling lembab nak login pon kena tunggu lama. menyusahkan ja orang nak guna pon payahh
4/20/26,22:09:50,1,App won’t load,How to pay my bills / make subscriptions if the app won’t even load? Tried a million times.
4/20/26,21:49:21,1,Useless & not user friendly,"I have been trying to register my new phone number since 18/04/2026 till today. I always stuck at the face recognition page. It keeps saying my face is unrecognizable even though i keep taking photo from different side of my room's walls. This app has limit for me to register my number eveyday so every time i failed to do the face recognization, i need to wait the next day to do it all over again. Celcom line works the best in my area but, seems like i'll just buy and use another mobile network line since the issue is still ongoing."
4/20/26,19:58:44,1,Useless app,What was the purpose having this app when i cannot even load it. Reinstall many times still same. How to pay bill ah?
4/20/26,17:25:05,1,DIGI LAGI BAIK DARIPADA NI,"Lembab lepastu lebih serabut daripada apps DIGI yg asal, menyusahkan nak kena masuk mcm2 tempat padahal DIGI biasa kalau bukak je apps dah nmpk bende yg nak di tengok"
4/20/26,16:43:34,1,App bug,"Like seriously , i cant even get to the app, and it takes time like minutes to just get inside the app and do something, and also they charge my internet quota for social media even though i buy unlimited social media package ? Like what is wrong with this internet provider man."
4/20/26,16:27:18,1,Bugs,The app cannot be opened. Didnt know what to do so unistalled and installed few times
4/20/26,15:09:24,1,App sial,App macam sampah
4/20/26,11:33:42,1,App tak guna,Aplikasi palik lembab diantara yang lain . Menyusahkan
4/20/26,10:30:58,1,Bad performance,"Quite bad, still have a lot of improvement needed to make it smoothly operating."
4/20/26,10:16:21,1,worst,lagi bagus app lama
4/20/26,10:12:32,1,Blue interface only,You know what. This app suck from last year until this apr 2026. You better do something about the apps. Sgt menyusahkan orang nak bayar bill. Nak tgk usage of data.
4/20/26,8:47:07,1,Slow sangat2,Sangat2 lambat. Nak beli internet pon tunggu 15minit baru tpup masuk 10minit dapat beli internet. Tolong lah update bagi laju susahkan orang lain macam ini. Digi dulu laju ja tak yah nak tunggu pa semua.
4/20/26,7:34:05,1,Celcom App,"Macam barua, internet langgan 7 hari.. tak sampai 4 hari dah macam takde internet.. padahal plan 2TB😌"
4/20/26,7:10:21,1,Apps not function smoothly,"Big downgraded from previous one, please give us solution. The apps works extremely slow"
4/20/26,6:28:58,1,What???,Cant event open the apps.
4/20/26,4:36:04,1,Add on problem,Ever fking time i want to add on its alwys problem  most stupid app ever made
4/20/26,4:05:53,1,Slow,Rubbish app...latest app slower than previous app...
4/20/26,3:21:55,1,Worst coverage,Honestly i can’t help but question myself why am i paying so much for such a bad service and coverage even in the city centre. There seems to be no effort to improve or even rectify. Zero accountability. Been a loyal customer for 13years and now considering to port out.
4/20/26,3:18:41,1,Can’t download or view monthly statement even after verification,"Made a complaint to customer service and still problem persist. In the first place, why the need to verify identification for viewing monthly statement?"
4/20/26,2:57:40,1,lembat,nak bukak app baru ni punya lambat gilaa .. tolong update laa .. nk check baki kemain susah nk bukak app nye
4/20/26,2:47:07,1,Celcomdigi sakai,App paling bingai pernah aku pakai. Lembab nak mampos
4/20/26,2:08:14,1,App paling noob!!,Lebih baik pakai mydigi daripada yg ni.. lembab
4/20/26,2:03:04,1,Super bad app,Force to use. Cant even open.
4/20/26,1:58:02,1,Stupid App,"It worst than old app  , keep loading and pop up error message .  Better change line again . Haiz"
4/20/26,1:36:22,2,plss improve,apooo laa apps ni slow laaaa
4/20/26,1:24:52,1,Worst,What wrong you apps? Freeze? Nothing good for users
4/20/26,0:09:09,1,Problem,I cant use this app
4/19/26,23:16:31,1,useless,the most useless apps ever.this new apps is trash and so slow.the apps before is fine but this new apps is making me insane.sometimes it tooks more than 30 minute to reload my money.so slow so rubbish
4/19/26,23:15:45,1,bodoh nak mampos,kenapa bangang sangat app ni. takde org boleh buat app properly ke for celcom digi? ke korang hire kroni2 bodo buat app ni?
4/19/26,22:33:40,1,Worst apps and worst customer support.,"I been using celcom for some time then decided to port out then i notice that they didnt have anyone to talk too..
All by whatsapps.. such a delay response and then you need to restart again.
It take me 14 days to get to live agent but that also felt like a AI response.
I ll never use this telco again"
4/19/26,22:30:35,1,Impossible,"This app is totally impossible to log in . Worst than log in to bank account, too many unnecessary procedures. Till now i cant even log in ."
4/19/26,21:30:51,1,Bad service app,The loading took too long. Everything is slow.
4/19/26,20:52:12,1,Apps,Poor
4/19/26,20:49:10,1,Cannot check bill in full details,this app is so useless like ok we get to pay the bill but how are we supposed to know the full bill in details if theres extra chargers and sorts. please do something for the app I MISS THE OLD APP it was much more convenient
4/19/26,20:37:05,1,Eror,so sloww
4/19/26,20:30:50,1,Worst Apps,"Actually no star for this latest apps, the page keep loading at blue page but still cant access. Come on CelcomDigi, settle this ASAP lah."
4/19/26,20:26:01,1,Too bad,f this stupid app. bring back the old one.
4/19/26,19:58:31,1,apps cant open,this apps sucks cant even open for few daya
4/19/26,19:39:26,1,Inefficient Apps,"Jika dibandingkan dengan apps dulu, apps ni lebih berat dan lambat. Jika maklumat tidak terperinci bila pilih untuk tengok jenis plan yang dilanggan serta baki kuota langganan."
4/19/26,14:23:09,1,App suck,The app keep getting stuck in the title page with the celcomdigi logo
4/19/26,12:10:44,1,slow af,tah lah . day by day makin teruk tawaran data . apps pun dah berapa kali update and still slow nak mampus . apa jadi do dengan celcom .
4/19/26,11:10:10,1,digi terok,"apps slow lah baruaaa, line kuat ja, nak masok slow, nk log in menyusahkan, xleh log in bnyk no,"
4/19/26,9:36:11,1,complain,"digi app are wayy better, this is bs"
4/19/26,9:02:19,1,Useless,Trash app
4/19/26,7:35:43,1,Celcomdigi,App too poor.line n apps too slow.done update but masih juga slow n lag.very very poor apps.
4/19/26,7:13:04,1,Worst app,"Are you guys dumb? After update still not have any change at all, still the worst app i’ve been used"
4/19/26,6:09:56,1,LEMBAB MACAM SIPUT !!!!!,siapa yang cipta app ni ?? elok2 ada app digi duk buat gatal kote buat app celcomdigi lepastu lembab !!!! asyik tendang je bila nak buka app ape l4nc4u punya app laa orang buat app kau buat app !!! lepastu lembab !!!!
4/19/26,5:42:32,1,My digi lag lambat nak buka,Lambat sebb my digi lag menyusahkan orang nk buat internet cuba baiki balik
4/19/26,5:06:41,1,LEMBAB,"apps paling annoying pernah pakai, lembab sangkut menyusahkan"
4/19/26,4:59:54,1,review ?,"the new version got really slow. the payment method is old school, why there is only one way to make payment ? and i need to reload first and also there is only RM10, RM30, RM50 option. how if i want to buy RM45 ? i hope i can type how much i want to reload. the new version is worst and sometime the line is slow at some places."
4/19/26,4:52:28,1,Appsss,Slow nak mampuihhh !!!!! Not recommended lah slow mcm siput babi punya apps
4/19/26,4:29:15,1,barua,"baik tak payah buat app, mcm bingai takleh bukak"
4/19/26,3:10:05,1,App problem,"App problem at iphone 14 , can not open yet"
4/19/26,2:50:19,1,Lembab,Celcom sejak sejak collab dengan digi ni semua benda jadi lembab.. babi betoi
4/19/26,2:31:26,1,Slow Line After Buying 2TB 5G Plan Very Disappointing,"Digi’s line has suddenly become extremely slow for the past week straight, right after I spent money buying the 2TB 5G highspeed plan. I can barely even connect to messaging apps. It’s honestly embarrassing for a line company that can’t provide a proper connection after taking customers’ money. Even my friends who are also using this line are facing the same issue all getting only E signal bars, and one of them even went to buy a U Mobile line instead. Very disappointing service and a complete waste of money."
4/19/26,2:28:13,1,app problem,i wanna check bill please fix it..
4/19/26,0:27:35,1,Bodoh,Stupid apps..very slow..
4/19/26,0:00:00,5,Celcom digi,Have been used for many year. Great apps
4/18/26,23:46:18,1,进不去,卡死了 你要我怎么 top up 钱
4/18/26,21:57:04,1,mcm bodo,app paling lembap setakat ni
4/18/26,21:12:52,1,gagal,App sangat tidak membantu !!!!
4/18/26,20:46:10,1,Slow and bugg,If can give - star i will give it.. so slow and sometimes cant open.. terrible
4/18/26,20:18:03,1,Gampang,macam gampang suruh download apps baru. bila download macam gampang pulak apps nya. alaa bodonya celcomdigi ni. ingat dah gabung ni cerdik. lagi bodo rupanya
4/18/26,19:19:57,1,Complaining,"kau suruh download app baru ni tpi tak dpt buka knpa, nak ckp phone problem masalahnya semua review ckp benda yg sama? apa bende la"
4/18/26,18:47:33,3,Always need to Turn Data Off/On to open the app,Please fix.
4/18/26,18:29:04,1,Verified by AI,Tried to verified a whole day but cannot went through
4/18/26,17:59:34,1,Tak berfungsi,"Dh tahun 2026 tp apps x blh pakai. Tak boleh nk buka langsung on iphone 15.

Malu kt orang."
4/18/26,17:35:47,1,Absolutely asswipe,Payment fail every freaking time
4/18/26,16:28:25,1,Unable to log in,"What happen to your apps?  Until today, unable to log in by biometrics.   Not user friendly at all!!  Previous individual apps are much better!"
4/18/26,11:41:47,1,Stupid noob apps,I cant view and print every month billing statement
4/18/26,11:20:14,1,"System problem lag, bug, loading.",Please lah update !
4/18/26,9:08:35,1,FIX YOUR APPS,"This app is completely useless. I can’t even open it. It crashes every single time. For a company as big as CelcomDigi, this is honestly embarrassing. We’re paying customers and this is the level of service we get? A basic app that can’t even function? Fix this immediately instead of releasing something that clearly wasn’t ready. Do better."
4/18/26,8:28:00,1,Do better,Useless app. Always need to update but still the same. Have to wait for so long just to check balance lol
4/18/26,8:15:43,1,Bad,"Teribble, why do u need to change Digi apps to this apps, last apps already good enough and im used to it already, now it’s slow and confusing. And the fact that i was forced to download this terrible apps"
4/18/26,7:59:11,1,plan rm120,tidak berbaloi dengan plan yg mahal line 5G full bar tgok live stream makin slow 2026 bro? tak kan line ko makin slow
4/18/26,6:34:43,1,Stupid app,Can’t log in stuck at logo like forever. Time to change to another telco
4/18/26,6:33:49,1,Difficult to open rooming,Can’t open international rooming
4/18/26,6:24:35,1,MENGARUT APPS LAMA BETTER,"tiba tiba takleh unsubscribe lepastu tolak duit orang dahla banyak siot tau tau data nya tak wujud pon , taktau usage berapa gb eh tiba tiba dia tolak lagi, macam tak reti buat apps je lepas collab ni, apps syok sendiri"
4/18/26,5:41:17,5,Welldone,Now we talking
4/18/26,5:26:53,1,Internet problem,Makin teruk eh performamce internet
4/18/26,4:41:02,1,Can’t even get into the app,How am i supposed to pay my bill now if i can’t even get into the app? This is absurd really. It is really frustrating and disappointing. The old app much more better than this new app.
4/18/26,4:30:10,1,worst app ever,very very annoying. can't even open. even after update still loading. so how can we check out internet an all??? literally worst app ever. the old app is better. 👎🏻👎🏻👎🏻
4/18/26,4:00:11,1,bad coding,"Can u guys code it better? So much useless UI and need luck to get it open, even when I got a good internet connection, with bad internet connection even worse, till now I still prefer the old celcom app"
4/18/26,3:59:49,1,Apps Problem,helo Apps can’t open…….